STRUCTURE,STRUCTURE_ID,STRUCTURE_NAME,ACTION,REF_AREA,Reference area,MEASURE,Measure,UNIT_MEASURE,Unit of measure,TRANSFORMATION,Transformation,SEX,Sex,AGE,Age,WORKER_STATUS,Worker status,ACTIVITY,Economic activity,FREQ,Frequency of observation,TIME_PERIOD,Time period,OBS_VALUE,Observation value,BASE_PER,Base period,OBS_STATUS,Observation status,UNIT_MULT,Unit multiplier,DECIMALS,Decimals
DATAFLOW,OECD.SDD.TPS:DSD_ALFS@DF_SUMTAB(1.0),"Annual labour force survey, summary tables",I,JPN,Japan,UNE_LF,Unemployment rate,PT_LF_SUB,Percentage of labour force in the same subgroup,G1,"Growth rate, period on period",_T,Total,Y_GE15,15 years or over,_Z,Not applicable,_Z,Not applicable,A,Annual,2011,,4.583333,,,,A,Normal value,0,Units,1,One
DATAFLOW,OECD.SDD.TPS:DSD_ALFS@DF_SUMTAB(1.0),"Annual labour force survey, summary tables",I,JPN,Japan,UNE_LF,Unemployment rate,PT_LF_SUB,Percentage of labour force in the same subgroup,G1,"Growth rate, period on period",_T,Total,Y_GE15,15 years or over,_Z,Not applicable,_Z,Not applicable,A,Annual,2010,,5.05,,,,A,Normal value,0,Units,1,One
DATAFLOW,OECD.SDD.TPS:DSD_ALFS@DF_SUMTAB(1.0),"Annual labour force survey, summary tables",I,HRV,Croatia,UNE_LF,Unemployment rate,PT_LF_SUB,Percentage of labour force in the same subgroup,G1,"Growth rate, period on period",_T,Total,Y_GE15,15 years or over,_Z,Not applicable,_Z,Not applicable,A,Annual,2006,,11.12979,,,,A,Normal value,0,Units,1,One
DATAFLOW,OECD.SDD.TPS:DSD_ALFS@DF_SUMTAB(1.0),"Annual labour force survey, summary tables",I,CAN,Canada,UNE_LF,Unemployment rate,PT_LF_SUB,Percentage of labour force in the same subgroup,G1,"Growth rate, period on period",_T,Total,Y_GE15,15 years or over,_Z,Not applicable,_Z,Not applicable,A,Annual,2010,,8.175,,,,A,Normal value,0,Units,1,One
DATAFLOW,OECD.SDD.TPS:DSD_ALFS@DF_SUMTAB(1.0),"Annual labour force survey, summary tables",I,HRV,Croatia,UNE_LF,Unemployment rate,PT_LF_SUB,Percentage of labour force in the same subgroup,G1,"Growth rate, period on period",_T,Total,Y_GE15,15 years or over,_Z,Not applicable,_Z,Not applicable,A,Annual,2022,,6.810306,,,,A,Normal value,0,Units,1,One
DATAFLOW,OECD.SDD.TPS:DSD_ALFS@DF_SUMTAB(1.0),"Annual labour force survey, summary tables",I,ITA,Italy,UNE_LF,Unemployment rate,PT_LF_SUB,Percentage of labour force in the same subgroup,G1,"Growth rate, period on period",_T,Total,Y_GE15,15 years or over,_Z,Not applicable,_Z,Not applicable,A,Annual,2001,,9.527421,,,,A,Normal value,0,Units,1,One
DATAFLOW,OECD.SDD.TPS:DSD_ALFS@DF_SUMTAB(1.0),"Annual labour force survey, summary tables",I,JPN,Japan,UNE_LF,Unemployment rate,PT_LF_SUB,Percentage of labour force in the same subgroup,G1,"Growth rate, period on period",_T,Total,Y_GE15,15 years or over,_Z,Not applicable,_Z,Not applicable,A,Annual,2025,,2.508333,,,,A,Normal value,0,Units,1,One
DATAFLOW,OECD.SDD.TPS:DSD_ALFS@DF_SUMTAB(1.0),"Annual labour force survey, summary tables",I,CAN,Canada,UNE_LF,Unemployment rate,PT_LF_SUB,Percentage of labour force in the same subgroup,G1,"Growth rate, period on period",_T,Total,Y_GE15,15 years or over,_Z,Not applicable,_Z,Not applicable,A,Annual,2025,,6.825,,,,A,Normal value,0,Units,1,One
DATAFLOW,OECD.SDD.TPS:DSD_ALFS@DF_SUMTAB(1.0),"Annual labour force survey, summary tables",I,CAN,Canada,UNE_LF,Unemployment rate,PT_LF_SUB,Percentage of labour force in the same subgroup,G1,"Growth rate, period on period",_T,Total,Y_GE15,15 years or over,_Z,Not applicable,_Z,Not applicable,A,Annual,2024,,6.35,,,,A,Normal value,0,Units,1,One
DATAFLOW,OECD.SDD.TPS:DSD_ALFS@DF_SUMTAB(1.0),"Annual labour force survey, summary tables",I,CAN,Canada,UNE_LF,Unemployment rate,PT_LF_SUB,Percentage of labour force in the same subgroup,G1,"Growth rate, period on period",_T,Total,Y_GE15,15 years or over,_Z,Not applicable,_Z,Not applicable,A,Annual,2023,,5.383333,,,,A,Normal value,0,Units,1,One
DATAFLOW,OECD.SDD.TPS:DSD_ALFS@DF_SUMTAB(1.0),"Annual labour force survey, summary tables",I,CAN,Canada,UNE_LF,Unemployment rate,PT_LF_SUB,Percentage of labour force in the same subgroup,G1,"Growth rate, period on period",_T,Total,Y_GE15,15 years or over,_Z,Not applicable,_Z,Not applicable,A,Annual,2022,,5.275,,,,A,Normal value,0,Units,1,One
DATAFLOW,OECD.SDD.TPS:DSD_ALFS@DF_SUMTAB(1.0),"Annual labour force survey, summary tables",I,CAN,Canada,UNE_LF,Unemployment rate,PT_LF_SUB,Percentage of labour force in the same subgroup,G1,"Growth rate, period on period",_T,Total,Y_GE15,15 years or over,_Z,Not applicable,_Z,Not applicable,A,Annual,2021,,7.533333,,,,A,Normal value,0,Units,1,One
DATAFLOW,OECD.SDD.TPS:DSD_ALFS@DF_SUMTAB(1.0),"Annual labour force survey, summary tables",I,CAN,Canada,UNE_LF,Unemployment rate,PT_LF_SUB,Percentage of labour force in the same subgroup,G1,"Growth rate, period on period",_T,Total,Y_GE15,15 years or over,_Z,Not applicable,_Z,Not applicable,A,Annual,2019,,5.683333,,,,A,Normal value,0,Units,1,One
DATAFLOW,OECD.SDD.TPS:DSD_ALFS@DF_SUMTAB(1.0),"Annual labour force survey, summary tables",I,CAN,Canada,UNE_LF,Unemployment rate,PT_LF_SUB,Percentage of labour force in the same subgroup,G1,"Growth rate, period on period",_T,Total,Y_GE15,15 years or over,_Z,Not applicable,_Z,Not applicable,A,Annual,2017,,6.433333,,,,A,Normal value,0,Units,1,One
DATAFLOW,OECD.SDD.TPS:DSD_ALFS@DF_SUMTAB(1.0),"Annual labour force survey, summary tables",I,GBR,United Kingdom,UNE_LF,Unemployment rate,PT_LF_SUB,Percentage of labour force in the same subgroup,G1,"Growth rate, period on period",_T,Total,Y_GE15,15 years or over,_Z,Not applicable,_Z,Not applicable,A,Annual,2002,,5.1841,,,,A,Normal value,0,Units,1,One
DATAFLOW,OECD.SDD.TPS:DSD_ALFS@DF_SUMTAB(1.0),"Annual labour force survey, summary tables",I,HRV,Croatia,UNE_LF,Unemployment rate,PT_LF_SUB,Percentage of labour force in the same subgroup,G1,"Growth rate, period on period",_T,Total,Y_GE15,15 years or over,_Z,Not applicable,_Z,Not applicable,A,Annual,2013,,17.23058,,,,A,Normal value,0,Units,1,One
DATAFLOW,OECD.SDD.TPS:DSD_ALFS@DF_SUMTAB(1.0),"Annual labour force survey, summary tables",I,GBR,United Kingdom,UNE_LF,Unemployment rate,PT_LF_SUB,Percentage of labour force in the same subgroup,G1,"Growth rate, period on period",_T,Total,Y_GE15,15 years or over,_Z,Not applicable,_Z,Not applicable,A,Annual,2019,,3.839103,,,,A,Normal value,0,Units,1,One
DATAFLOW,OECD.SDD.TPS:DSD_ALFS@DF_SUMTAB(1.0),"Annual labour force survey, summary tables",I,GBR,United Kingdom,UNE_LF,Unemployment rate,PT_LF_SUB,Percentage of labour force in the same subgroup,G1,"Growth rate, period on period",_T,Total,Y_GE15,15 years or over,_Z,Not applicable,_Z,Not applicable,A,Annual,2022,,3.805255,,,,A,Normal value,0,Units,1,One
DATAFLOW,OECD.SDD.TPS:DSD_ALFS@DF_SUMTAB(1.0),"Annual labour force survey, summary tables",I,GBR,United Kingdom,UNE_LF,Unemployment rate,PT_LF_SUB,Percentage of labour force in the same subgroup,G1,"Growth rate, period on period",_T,Total,Y_GE15,15 years or over,_Z,Not applicable,_Z,Not applicable,A,Annual,2021,,4.5354,,,,A,Normal value,0,Units,1,One
DATAFLOW,OECD.SDD.TPS:DSD_ALFS@DF_SUMTAB(1.0),"Annual labour force survey, summary tables",I,DNK,Denmark,UNE_LF,Unemployment rate,PT_LF_SUB,Percentage of labour force in the same subgroup,G1,"Growth rate, period on period",_T,Total,Y_GE15,15 years or over,_Z,Not applicable,_Z,Not applicable,A,Annual,2025,,6.316343,,,,A,Normal value,0,Units,1,One
DATAFLOW,OECD.SDD.TPS:DSD_ALFS@DF_SUMTAB(1.0),"Annual labour force survey, summary tables",I,DNK,Denmark,UNE_LF,Unemployment rate,PT_LF_SUB,Percentage of labour force in the same subgroup,G1,"Growth rate, period on period",_T,Total,Y_GE15,15 years or over,_Z,Not applicable,_Z,Not applicable,A,Annual,2024,,6.14725,,,,A,Normal value,0,Units,1,One
DATAFLOW,OECD.SDD.TPS:DSD_ALFS@DF_SUMTAB(1.0),"Annual labour force survey, summary tables",I,DNK,Denmark,UNE_LF,Unemployment rate,PT_LF_SUB,Percentage of labour force in the same subgroup,G1,"Growth rate, period on period",_T,Total,Y_GE15,15 years or over,_Z,Not applicable,_Z,Not applicable,A,Annual,2023,,5.088232,,,,A,Normal value,0,Units,1,One
DATAFLOW,OECD.SDD.TPS:DSD_ALFS@DF_SUMTAB(1.0),"Annual labour force survey, summary tables",I,DNK,Denmark,UNE_LF,Unemployment rate,PT_LF_SUB,Percentage of labour force in the same subgroup,G1,"Growth rate, period on period",_T,Total,Y_GE15,15 years or over,_Z,Not applicable,_Z,Not applicable,A,Annual,2022,,4.432908,,,,A,Normal value,0,Units,1,One
DATAFLOW,OECD.SDD.TPS:DSD_ALFS@DF_SUMTAB(1.0),"Annual labour force survey, summary tables",I,DNK,Denmark,UNE_LF,Unemployment rate,PT_LF_SUB,Percentage of labour force in the same subgroup,G1,"Growth rate, period on period",_T,Total,Y_GE15,15 years or over,_Z,Not applicable,_Z,Not applicable,A,Annual,2021,,5.070686,,,,A,Normal value,0,Units,1,One
DATAFLOW,OECD.SDD.TPS:DSD_ALFS@DF_SUMTAB(1.0),"Annual labour force survey, summary tables",I,DNK,Denmark,UNE_LF,Unemployment rate,PT_LF_SUB,Percentage of labour force in the same subgroup,G1,"Growth rate, period on period",_T,Total,Y_GE15,15 years or over,_Z,Not applicable,_Z,Not applicable,A,Annual,2020,,5.63332,,,,A,Normal value,0,Units,1,One
DATAFLOW,OECD.SDD.TPS:DSD_ALFS@DF_SUMTAB(1.0),"Annual labour force survey, summary tables",I,DNK,Denmark,UNE_LF,Unemployment rate,PT_LF_SUB,Percentage of labour force in the same subgroup,G1,"Growth rate, period on period",_T,Total,Y_GE15,15 years or over,_Z,Not applicable,_Z,Not applicable,A,Annual,2019,,5.017985,,,,A,Normal value,0,Units,1,One
DATAFLOW,OECD.SDD.TPS:DSD_ALFS@DF_SUMTAB(1.0),"Annual labour force survey, summary tables",I,DNK,Denmark,UNE_LF,Unemployment rate,PT_LF_SUB,Percentage of labour force in the same subgroup,G1,"Growth rate, period on period",_T,Total,Y_GE15,15 years or over,_Z,Not applicable,_Z,Not applicable,A,Annual,2018,,5.132677,,,,A,Normal value,0,Units,1,One
DATAFLOW,OECD.SDD.TPS:DSD_ALFS@DF_SUMTAB(1.0),"Annual labour force survey, summary tables",I,DNK,Denmark,UNE_LF,Unemployment rate,PT_LF_SUB,Percentage of labour force in the same subgroup,G1,"Growth rate, period on period",_T,Total,Y_GE15,15 years or over,_Z,Not applicable,_Z,Not applicable,A,Annual,2017,,5.833254,,,,A,Normal value,0,Units,1,One
DATAFLOW,OECD.SDD.TPS:DSD_ALFS@DF_SUMTAB(1.0),"Annual labour force survey, summary tables",I,DNK,Denmark,UNE_LF,Unemployment rate,PT_LF_SUB,Percentage of labour force in the same subgroup,G1,"Growth rate, period on period",_T,Total,Y_GE15,15 years or over,_Z,Not applicable,_Z,Not applicable,A,Annual,2014,,6.927884,,,,A,Normal value,0,Units,1,One
DATAFLOW,OECD.SDD.TPS:DSD_ALFS@DF_SUMTAB(1.0),"Annual labour force survey, summary tables",I,DNK,Denmark,UNE_LF,Unemployment rate,PT_LF_SUB,Percentage of labour force in the same subgroup,G1,"Growth rate, period on period",_T,Total,Y_GE15,15 years or over,_Z,Not applicable,_Z,Not applicable,A,Annual,2013,,7.382339,,,,A,Normal value,0,Units,1,One
DATAFLOW,OECD.SDD.TPS:DSD_ALFS@DF_SUMTAB(1.0),"Annual labour force survey, summary tables",I,DNK,Denmark,UNE_LF,Unemployment rate,PT_LF_SUB,Percentage of labour force in the same subgroup,G1,"Growth rate, period on period",_T,Total,Y_GE15,15 years or over,_Z,Not applicable,_Z,Not applicable,A,Annual,2012,,7.797653,,,,A,Normal value,0,Units,1,One
DATAFLOW,OECD.SDD.TPS:DSD_ALFS@DF_SUMTAB(1.0),"Annual labour force survey, summary tables",I,DNK,Denmark,UNE_LF,Unemployment rate,PT_LF_SUB,Percentage of labour force in the same subgroup,G1,"Growth rate, period on period",_T,Total,Y_GE15,15 years or over,_Z,Not applicable,_Z,Not applicable,A,Annual,2011,,7.769598,,,,A,Normal value,0,Units,1,One
DATAFLOW,OECD.SDD.TPS:DSD_ALFS@DF_SUMTAB(1.0),"Annual labour force survey, summary tables",I,DNK,Denmark,UNE_LF,Unemployment rate,PT_LF_SUB,Percentage of labour force in the same subgroup,G1,"Growth rate, period on period",_T,Total,Y_GE15,15 years or over,_Z,Not applicable,_Z,Not applicable,A,Annual,2010,,7.747934,,,,A,Normal value,0,Units,1,One
DATAFLOW,OECD.SDD.TPS:DSD_ALFS@DF_SUMTAB(1.0),"Annual labour force survey, summary tables",I,DNK,Denmark,UNE_LF,Unemployment rate,PT_LF_SUB,Percentage of labour force in the same subgroup,G1,"Growth rate, period on period",_T,Total,Y_GE15,15 years or over,_Z,Not applicable,_Z,Not applicable,A,Annual,2009,,6.411551,,,,A,Normal value,0,Units,1,One
DATAFLOW,OECD.SDD.TPS:DSD_ALFS@DF_SUMTAB(1.0),"Annual labour force survey, summary tables",I,DNK,Denmark,UNE_LF,Unemployment rate,PT_LF_SUB,Percentage of labour force in the same subgroup,G1,"Growth rate, period on period",_T,Total,Y_GE15,15 years or over,_Z,Not applicable,_Z,Not applicable,A,Annual,2008,,3.683691,,,,A,Normal value,0,Units,1,One
DATAFLOW,OECD.SDD.TPS:DSD_ALFS@DF_SUMTAB(1.0),"Annual labour force survey, summary tables",I,DNK,Denmark,UNE_LF,Unemployment rate,PT_LF_SUB,Percentage of labour force in the same subgroup,G1,"Growth rate, period on period",_T,Total,Y_GE15,15 years or over,_Z,Not applicable,_Z,Not applicable,A,Annual,2006,,3.898582,,,,A,Normal value,0,Units,1,One
DATAFLOW,OECD.SDD.TPS:DSD_ALFS@DF_SUMTAB(1.0),"Annual labour force survey, summary tables",I,DNK,Denmark,UNE_LF,Unemployment rate,PT_LF_SUB,Percentage of labour force in the same subgroup,G1,"Growth rate, period on period",_T,Total,Y_GE15,15 years or over,_Z,Not applicable,_Z,Not applicable,A,Annual,2005,,4.830782,,,,A,Normal value,0,Units,1,One
DATAFLOW,OECD.SDD.TPS:DSD_ALFS@DF_SUMTAB(1.0),"Annual labour force survey, summary tables",I,DNK,Denmark,UNE_LF,Unemployment rate,PT_LF_SUB,Percentage of labour force in the same subgroup,G1,"Growth rate, period on period",_T,Total,Y_GE15,15 years or over,_Z,Not applicable,_Z,Not applicable,A,Annual,2003,,5.406289,,,,A,Normal value,0,Units,1,One
DATAFLOW,OECD.SDD.TPS:DSD_ALFS@DF_SUMTAB(1.0),"Annual labour force survey, summary tables",I,DNK,Denmark,UNE_LF,Unemployment rate,PT_LF_SUB,Percentage of labour force in the same subgroup,G1,"Growth rate, period on period",_T,Total,Y_GE15,15 years or over,_Z,Not applicable,_Z,Not applicable,A,Annual,2002,,4.586689,,,,A,Normal value,0,Units,1,One
DATAFLOW,OECD.SDD.TPS:DSD_ALFS@DF_SUMTAB(1.0),"Annual labour force survey, summary tables",I,DNK,Denmark,UNE_LF,Unemployment rate,PT_LF_SUB,Percentage of labour force in the same subgroup,G1,"Growth rate, period on period",_T,Total,Y_GE15,15 years or over,_Z,Not applicable,_Z,Not applicable,A,Annual,2001,,4.606088,,,,A,Normal value,0,Units,1,One
DATAFLOW,OECD.SDD.TPS:DSD_ALFS@DF_SUMTAB(1.0),"Annual labour force survey, summary tables",I,FRA,France,UNE_LF,Unemployment rate,PT_LF_SUB,Percentage of labour force in the same subgroup,G1,"Growth rate, period on period",_T,Total,Y_GE15,15 years or over,_Z,Not applicable,_Z,Not applicable,A,Annual,2001,,7.564752,,,,A,Normal value,0,Units,1,One
DATAFLOW,OECD.SDD.TPS:DSD_ALFS@DF_SUMTAB(1.0),"Annual labour force survey, summary tables",I,CAN,Canada,UNE_LF,Unemployment rate,PT_LF_SUB,Percentage of labour force in the same subgroup,G1,"Growth rate, period on period",_T,Total,Y_GE15,15 years or over,_Z,Not applicable,_Z,Not applicable,A,Annual,2007,,6.166667,,,,A,Normal value,0,Units,1,One
DATAFLOW,OECD.SDD.TPS:DSD_ALFS@DF_SUMTAB(1.0),"Annual labour force survey, summary tables",I,CAN,Canada,UNE_LF,Unemployment rate,PT_LF_SUB,Percentage of labour force in the same subgroup,G1,"Growth rate, period on period",_T,Total,Y_GE15,15 years or over,_Z,Not applicable,_Z,Not applicable,A,Annual,2009,,8.45,,,,A,Normal value,0,Units,1,One
DATAFLOW,OECD.SDD.TPS:DSD_ALFS@DF_SUMTAB(1.0),"Annual labour force survey, summary tables",I,HRV,Croatia,UNE_LF,Unemployment rate,PT_LF_SUB,Percentage of labour force in the same subgroup,G1,"Growth rate, period on period",_T,Total,Y_GE15,15 years or over,_Z,Not applicable,_Z,Not applicable,A,Annual,2021,,7.48193,,,,A,Normal value,0,Units,1,One
DATAFLOW,OECD.SDD.TPS:DSD_ALFS@DF_SUMTAB(1.0),"Annual labour force survey, summary tables",I,HRV,Croatia,UNE_LF,Unemployment rate,PT_LF_SUB,Percentage of labour force in the same subgroup,G1,"Growth rate, period on period",_T,Total,Y_GE15,15 years or over,_Z,Not applicable,_Z,Not applicable,A,Annual,2020,,7.38882,,,,A,Normal value,0,Units,1,One
DATAFLOW,OECD.SDD.TPS:DSD_ALFS@DF_SUMTAB(1.0),"Annual labour force survey, summary tables",I,HRV,Croatia,UNE_LF,Unemployment rate,PT_LF_SUB,Percentage of labour force in the same subgroup,G1,"Growth rate, period on period",_T,Total,Y_GE15,15 years or over,_Z,Not applicable,_Z,Not applicable,A,Annual,2023,,6.120497,,,,A,Normal value,0,Units,1,One
DATAFLOW,OECD.SDD.TPS:DSD_ALFS@DF_SUMTAB(1.0),"Annual labour force survey, summary tables",I,CAN,Canada,UNE_LF,Unemployment rate,PT_LF_SUB,Percentage of labour force in the same subgroup,G1,"Growth rate, period on period",_T,Total,Y_GE15,15 years or over,_Z,Not applicable,_Z,Not applicable,A,Annual,2006,,6.466667,,,,A,Normal value,0,Units,1,One
DATAFLOW,OECD.SDD.TPS:DSD_ALFS@DF_SUMTAB(1.0),"Annual labour force survey, summary tables",I,CAN,Canada,UNE_LF,Unemployment rate,PT_LF_SUB,Percentage of labour force in the same subgroup,G1,"Growth rate, period on period",_T,Total,Y_GE15,15 years or over,_Z,Not applicable,_Z,Not applicable,A,Annual,2005,,6.758333,,,,A,Normal value,0,Units,1,One
DATAFLOW,OECD.SDD.TPS:DSD_ALFS@DF_SUMTAB(1.0),"Annual labour force survey, summary tables",I,CAN,Canada,UNE_LF,Unemployment rate,PT_LF_SUB,Percentage of labour force in the same subgroup,G1,"Growth rate, period on period",_T,Total,Y_GE15,15 years or over,_Z,Not applicable,_Z,Not applicable,A,Annual,2004,,7.191667,,,,A,Normal value,0,Units,1,One
DATAFLOW,OECD.SDD.TPS:DSD_ALFS@DF_SUMTAB(1.0),"Annual labour force survey, summary tables",I,CAN,Canada,UNE_LF,Unemployment rate,PT_LF_SUB,Percentage of labour force in the same subgroup,G1,"Growth rate, period on period",_T,Total,Y_GE15,15 years or over,_Z,Not applicable,_Z,Not applicable,A,Annual,2003,,7.575,,,,A,Normal value,0,Units,1,One
DATAFLOW,OECD.SDD.TPS:DSD_ALFS@DF_SUMTAB(1.0),"Annual labour force survey, summary tables",I,CAN,Canada,UNE_LF,Unemployment rate,PT_LF_SUB,Percentage of labour force in the same subgroup,G1,"Growth rate, period on period",_T,Total,Y_GE15,15 years or over,_Z,Not applicable,_Z,Not applicable,A,Annual,2002,,7.675,,,,A,Normal value,0,Units,1,One
DATAFLOW,OECD.SDD.TPS:DSD_ALFS@DF_SUMTAB(1.0),"Annual labour force survey, summary tables",I,CAN,Canada,UNE_LF,Unemployment rate,PT_LF_SUB,Percentage of labour force in the same subgroup,G1,"Growth rate, period on period",_T,Total,Y_GE15,15 years or over,_Z,Not applicable,_Z,Not applicable,A,Annual,2001,,7.216667,,,,A,Normal value,0,Units,1,One
DATAFLOW,OECD.SDD.TPS:DSD_ALFS@DF_SUMTAB(1.0),"Annual labour force survey, summary tables",I,FRA,France,UNE_LF,Unemployment rate,PT_LF_SUB,Percentage of labour force in the same subgroup,G1,"Growth rate, period on period",_T,Total,Y_GE15,15 years or over,_Z,Not applicable,_Z,Not applicable,A,Annual,2023,,7.334044,,,,A,Normal value,0,Units,1,One
DATAFLOW,OECD.SDD.TPS:DSD_ALFS@DF_SUMTAB(1.0),"Annual labour force survey, summary tables",I,FRA,France,UNE_LF,Unemployment rate,PT_LF_SUB,Percentage of labour force in the same subgroup,G1,"Growth rate, period on period",_T,Total,Y_GE15,15 years or over,_Z,Not applicable,_Z,Not applicable,A,Annual,2022,,7.307915,,,,A,Normal value,0,Units,1,One
DATAFLOW,OECD.SDD.TPS:DSD_ALFS@DF_SUMTAB(1.0),"Annual labour force survey, summary tables",I,FRA,France,UNE_LF,Unemployment rate,PT_LF_SUB,Percentage of labour force in the same subgroup,G1,"Growth rate, period on period",_T,Total,Y_GE15,15 years or over,_Z,Not applicable,_Z,Not applicable,A,Annual,2021,,7.861251,,,,A,Normal value,0,Units,1,One
DATAFLOW,OECD.SDD.TPS:DSD_ALFS@DF_SUMTAB(1.0),"Annual labour force survey, summary tables",I,FRA,France,UNE_LF,Unemployment rate,PT_LF_SUB,Percentage of labour force in the same subgroup,G1,"Growth rate, period on period",_T,Total,Y_GE15,15 years or over,_Z,Not applicable,_Z,Not applicable,A,Annual,2019,,8.414647,,,,A,Normal value,0,Units,1,One
DATAFLOW,OECD.SDD.TPS:DSD_ALFS@DF_SUMTAB(1.0),"Annual labour force survey, summary tables",I,FRA,France,UNE_LF,Unemployment rate,PT_LF_SUB,Percentage of labour force in the same subgroup,G1,"Growth rate, period on period",_T,Total,Y_GE15,15 years or over,_Z,Not applicable,_Z,Not applicable,A,Annual,2018,,9.018493,,,,A,Normal value,0,Units,1,One
DATAFLOW,OECD.SDD.TPS:DSD_ALFS@DF_SUMTAB(1.0),"Annual labour force survey, summary tables",I,FRA,France,UNE_LF,Unemployment rate,PT_LF_SUB,Percentage of labour force in the same subgroup,G1,"Growth rate, period on period",_T,Total,Y_GE15,15 years or over,_Z,Not applicable,_Z,Not applicable,A,Annual,2017,,9.411028,,,,A,Normal value,0,Units,1,One
DATAFLOW,OECD.SDD.TPS:DSD_ALFS@DF_SUMTAB(1.0),"Annual labour force survey, summary tables",I,FRA,France,UNE_LF,Unemployment rate,PT_LF_SUB,Percentage of labour force in the same subgroup,G1,"Growth rate, period on period",_T,Total,Y_GE15,15 years or over,_Z,Not applicable,_Z,Not applicable,A,Annual,2016,,10.04941,,,,A,Normal value,0,Units,1,One
DATAFLOW,OECD.SDD.TPS:DSD_ALFS@DF_SUMTAB(1.0),"Annual labour force survey, summary tables",I,FRA,France,UNE_LF,Unemployment rate,PT_LF_SUB,Percentage of labour force in the same subgroup,G1,"Growth rate, period on period",_T,Total,Y_GE15,15 years or over,_Z,Not applicable,_Z,Not applicable,A,Annual,2015,,10.35467,,,,A,Normal value,0,Units,1,One
DATAFLOW,OECD.SDD.TPS:DSD_ALFS@DF_SUMTAB(1.0),"Annual labour force survey, summary tables",I,FRA,France,UNE_LF,Unemployment rate,PT_LF_SUB,Percentage of labour force in the same subgroup,G1,"Growth rate, period on period",_T,Total,Y_GE15,15 years or over,_Z,Not applicable,_Z,Not applicable,A,Annual,2014,,10.29187,,,,A,Normal value,0,Units,1,One
DATAFLOW,OECD.SDD.TPS:DSD_ALFS@DF_SUMTAB(1.0),"Annual labour force survey, summary tables",I,FRA,France,UNE_LF,Unemployment rate,PT_LF_SUB,Percentage of labour force in the same subgroup,G1,"Growth rate, period on period",_T,Total,Y_GE15,15 years or over,_Z,Not applicable,_Z,Not applicable,A,Annual,2012,,9.399426,,,,A,Normal value,0,Units,1,One
DATAFLOW,OECD.SDD.TPS:DSD_ALFS@DF_SUMTAB(1.0),"Annual labour force survey, summary tables",I,FRA,France,UNE_LF,Unemployment rate,PT_LF_SUB,Percentage of labour force in the same subgroup,G1,"Growth rate, period on period",_T,Total,Y_GE15,15 years or over,_Z,Not applicable,_Z,Not applicable,A,Annual,2011,,8.811196,,,,A,Normal value,0,Units,1,One
DATAFLOW,OECD.SDD.TPS:DSD_ALFS@DF_SUMTAB(1.0),"Annual labour force survey, summary tables",I,FRA,France,UNE_LF,Unemployment rate,PT_LF_SUB,Percentage of labour force in the same subgroup,G1,"Growth rate, period on period",_T,Total,Y_GE15,15 years or over,_Z,Not applicable,_Z,Not applicable,A,Annual,2010,,8.871848,,,,A,Normal value,0,Units,1,One
DATAFLOW,OECD.SDD.TPS:DSD_ALFS@DF_SUMTAB(1.0),"Annual labour force survey, summary tables",I,FRA,France,UNE_LF,Unemployment rate,PT_LF_SUB,Percentage of labour force in the same subgroup,G1,"Growth rate, period on period",_T,Total,Y_GE15,15 years or over,_Z,Not applicable,_Z,Not applicable,A,Annual,2009,,8.735972,,,,A,Normal value,0,Units,1,One
DATAFLOW,OECD.SDD.TPS:DSD_ALFS@DF_SUMTAB(1.0),"Annual labour force survey, summary tables",I,FRA,France,UNE_LF,Unemployment rate,PT_LF_SUB,Percentage of labour force in the same subgroup,G1,"Growth rate, period on period",_T,Total,Y_GE15,15 years or over,_Z,Not applicable,_Z,Not applicable,A,Annual,2008,,7.062972,,,,A,Normal value,0,Units,1,One
DATAFLOW,OECD.SDD.TPS:DSD_ALFS@DF_SUMTAB(1.0),"Annual labour force survey, summary tables",I,FRA,France,UNE_LF,Unemployment rate,PT_LF_SUB,Percentage of labour force in the same subgroup,G1,"Growth rate, period on period",_T,Total,Y_GE15,15 years or over,_Z,Not applicable,_Z,Not applicable,A,Annual,2007,,7.658579,,,,A,Normal value,0,Units,1,One
DATAFLOW,OECD.SDD.TPS:DSD_ALFS@DF_SUMTAB(1.0),"Annual labour force survey, summary tables",I,FRA,France,UNE_LF,Unemployment rate,PT_LF_SUB,Percentage of labour force in the same subgroup,G1,"Growth rate, period on period",_T,Total,Y_GE15,15 years or over,_Z,Not applicable,_Z,Not applicable,A,Annual,2006,,8.449007,,,,A,Normal value,0,Units,1,One
DATAFLOW,OECD.SDD.TPS:DSD_ALFS@DF_SUMTAB(1.0),"Annual labour force survey, summary tables",I,FRA,France,UNE_LF,Unemployment rate,PT_LF_SUB,Percentage of labour force in the same subgroup,G1,"Growth rate, period on period",_T,Total,Y_GE15,15 years or over,_Z,Not applicable,_Z,Not applicable,A,Annual,2005,,8.493855,,,,A,Normal value,0,Units,1,One
DATAFLOW,OECD.SDD.TPS:DSD_ALFS@DF_SUMTAB(1.0),"Annual labour force survey, summary tables",I,FRA,France,UNE_LF,Unemployment rate,PT_LF_SUB,Percentage of labour force in the same subgroup,G1,"Growth rate, period on period",_T,Total,Y_GE15,15 years or over,_Z,Not applicable,_Z,Not applicable,A,Annual,2003,,8.099563,,,,A,Normal value,0,Units,1,One
DATAFLOW,OECD.SDD.TPS:DSD_ALFS@DF_SUMTAB(1.0),"Annual labour force survey, summary tables",I,DEU,Germany,UNE_LF,Unemployment rate,PT_LF_SUB,Percentage of labour force in the same subgroup,G1,"Growth rate, period on period",_T,Total,Y_GE15,15 years or over,_Z,Not applicable,_Z,Not applicable,A,Annual,2008,,7.527875,,,,A,Normal value,0,Units,1,One
DATAFLOW,OECD.SDD.TPS:DSD_ALFS@DF_SUMTAB(1.0),"Annual labour force survey, summary tables",I,DEU,Germany,UNE_LF,Unemployment rate,PT_LF_SUB,Percentage of labour force in the same subgroup,G1,"Growth rate, period on period",_T,Total,Y_GE15,15 years or over,_Z,Not applicable,_Z,Not applicable,A,Annual,2007,,8.661594,,,,A,Normal value,0,Units,1,One
DATAFLOW,OECD.SDD.TPS:DSD_ALFS@DF_SUMTAB(1.0),"Annual labour force survey, summary tables",I,DEU,Germany,UNE_LF,Unemployment rate,PT_LF_SUB,Percentage of labour force in the same subgroup,G1,"Growth rate, period on period",_T,Total,Y_GE15,15 years or over,_Z,Not applicable,_Z,Not applicable,A,Annual,2006,,10.25277,,,,A,Normal value,0,Units,1,One
DATAFLOW,OECD.SDD.TPS:DSD_ALFS@DF_SUMTAB(1.0),"Annual labour force survey, summary tables",I,DEU,Germany,UNE_LF,Unemployment rate,PT_LF_SUB,Percentage of labour force in the same subgroup,G1,"Growth rate, period on period",_T,Total,Y_GE15,15 years or over,_Z,Not applicable,_Z,Not applicable,A,Annual,2005,,11.16782,,,,A,Normal value,0,Units,1,One
DATAFLOW,OECD.SDD.TPS:DSD_ALFS@DF_SUMTAB(1.0),"Annual labour force survey, summary tables",I,DEU,Germany,UNE_LF,Unemployment rate,PT_LF_SUB,Percentage of labour force in the same subgroup,G1,"Growth rate, period on period",_T,Total,Y_GE15,15 years or over,_Z,Not applicable,_Z,Not applicable,A,Annual,2003,,9.637083,,,,A,Normal value,0,Units,1,One
DATAFLOW,OECD.SDD.TPS:DSD_ALFS@DF_SUMTAB(1.0),"Annual labour force survey, summary tables",I,DEU,Germany,UNE_LF,Unemployment rate,PT_LF_SUB,Percentage of labour force in the same subgroup,G1,"Growth rate, period on period",_T,Total,Y_GE15,15 years or over,_Z,Not applicable,_Z,Not applicable,A,Annual,2002,,8.653863,,,,A,Normal value,0,Units,1,One
DATAFLOW,OECD.SDD.TPS:DSD_ALFS@DF_SUMTAB(1.0),"Annual labour force survey, summary tables",I,DEU,Germany,UNE_LF,Unemployment rate,PT_LF_SUB,Percentage of labour force in the same subgroup,G1,"Growth rate, period on period",_T,Total,Y_GE15,15 years or over,_Z,Not applicable,_Z,Not applicable,A,Annual,2001,,7.836031,,,,A,Normal value,0,Units,1,One
DATAFLOW,OECD.SDD.TPS:DSD_ALFS@DF_SUMTAB(1.0),"Annual labour force survey, summary tables",I,DEU,Germany,UNE_LF,Unemployment rate,PT_LF_SUB,Percentage of labour force in the same subgroup,G1,"Growth rate, period on period",_T,Total,Y_GE15,15 years or over,_Z,Not applicable,_Z,Not applicable,A,Annual,2025,,3.754082,,,,A,Normal value,0,Units,1,One
DATAFLOW,OECD.SDD.TPS:DSD_ALFS@DF_SUMTAB(1.0),"Annual labour force survey, summary tables",I,DEU,Germany,UNE_LF,Unemployment rate,PT_LF_SUB,Percentage of labour force in the same subgroup,G1,"Growth rate, period on period",_T,Total,Y_GE15,15 years or over,_Z,Not applicable,_Z,Not applicable,A,Annual,2024,,3.372117,,,,A,Normal value,0,Units,1,One
DATAFLOW,OECD.SDD.TPS:DSD_ALFS@DF_SUMTAB(1.0),"Annual labour force survey, summary tables",I,DEU,Germany,UNE_LF,Unemployment rate,PT_LF_SUB,Percentage of labour force in the same subgroup,G1,"Growth rate, period on period",_T,Total,Y_GE15,15 years or over,_Z,Not applicable,_Z,Not applicable,A,Annual,2023,,3.06304,,,,A,Normal value,0,Units,1,One
DATAFLOW,OECD.SDD.TPS:DSD_ALFS@DF_SUMTAB(1.0),"Annual labour force survey, summary tables",I,DEU,Germany,UNE_LF,Unemployment rate,PT_LF_SUB,Percentage of labour force in the same subgroup,G1,"Growth rate, period on period",_T,Total,Y_GE15,15 years or over,_Z,Not applicable,_Z,Not applicable,A,Annual,2022,,3.130594,,,,A,Normal value,0,Units,1,One
DATAFLOW,OECD.SDD.TPS:DSD_ALFS@DF_SUMTAB(1.0),"Annual labour force survey, summary tables",I,DEU,Germany,UNE_LF,Unemployment rate,PT_LF_SUB,Percentage of labour force in the same subgroup,G1,"Growth rate, period on period",_T,Total,Y_GE15,15 years or over,_Z,Not applicable,_Z,Not applicable,A,Annual,2021,,3.583714,,,,A,Normal value,0,Units,1,One
DATAFLOW,OECD.SDD.TPS:DSD_ALFS@DF_SUMTAB(1.0),"Annual labour force survey, summary tables",I,DEU,Germany,UNE_LF,Unemployment rate,PT_LF_SUB,Percentage of labour force in the same subgroup,G1,"Growth rate, period on period",_T,Total,Y_GE15,15 years or over,_Z,Not applicable,_Z,Not applicable,A,Annual,2018,,3.384222,,,,A,Normal value,0,Units,1,One
DATAFLOW,OECD.SDD.TPS:DSD_ALFS@DF_SUMTAB(1.0),"Annual labour force survey, summary tables",I,DEU,Germany,UNE_LF,Unemployment rate,PT_LF_SUB,Percentage of labour force in the same subgroup,G1,"Growth rate, period on period",_T,Total,Y_GE15,15 years or over,_Z,Not applicable,_Z,Not applicable,A,Annual,2017,,3.746818,,,,A,Normal value,0,Units,1,One
DATAFLOW,OECD.SDD.TPS:DSD_ALFS@DF_SUMTAB(1.0),"Annual labour force survey, summary tables",I,DEU,Germany,UNE_LF,Unemployment rate,PT_LF_SUB,Percentage of labour force in the same subgroup,G1,"Growth rate, period on period",_T,Total,Y_GE15,15 years or over,_Z,Not applicable,_Z,Not applicable,A,Annual,2016,,4.122944,,,,A,Normal value,0,Units,1,One
DATAFLOW,OECD.SDD.TPS:DSD_ALFS@DF_SUMTAB(1.0),"Annual labour force survey, summary tables",I,DEU,Germany,UNE_LF,Unemployment rate,PT_LF_SUB,Percentage of labour force in the same subgroup,G1,"Growth rate, period on period",_T,Total,Y_GE15,15 years or over,_Z,Not applicable,_Z,Not applicable,A,Annual,2015,,4.62519,,,,A,Normal value,0,Units,1,One
DATAFLOW,OECD.SDD.TPS:DSD_ALFS@DF_SUMTAB(1.0),"Annual labour force survey, summary tables",I,DEU,Germany,UNE_LF,Unemployment rate,PT_LF_SUB,Percentage of labour force in the same subgroup,G1,"Growth rate, period on period",_T,Total,Y_GE15,15 years or over,_Z,Not applicable,_Z,Not applicable,A,Annual,2014,,4.981803,,,,A,Normal value,0,Units,1,One
DATAFLOW,OECD.SDD.TPS:DSD_ALFS@DF_SUMTAB(1.0),"Annual labour force survey, summary tables",I,DEU,Germany,UNE_LF,Unemployment rate,PT_LF_SUB,Percentage of labour force in the same subgroup,G1,"Growth rate, period on period",_T,Total,Y_GE15,15 years or over,_Z,Not applicable,_Z,Not applicable,A,Annual,2013,,5.23217,,,,A,Normal value,0,Units,1,One
DATAFLOW,OECD.SDD.TPS:DSD_ALFS@DF_SUMTAB(1.0),"Annual labour force survey, summary tables",I,DEU,Germany,UNE_LF,Unemployment rate,PT_LF_SUB,Percentage of labour force in the same subgroup,G1,"Growth rate, period on period",_T,Total,Y_GE15,15 years or over,_Z,Not applicable,_Z,Not applicable,A,Annual,2012,,5.38083,,,,A,Normal value,0,Units,1,One
DATAFLOW,OECD.SDD.TPS:DSD_ALFS@DF_SUMTAB(1.0),"Annual labour force survey, summary tables",I,ITA,Italy,UNE_LF,Unemployment rate,PT_LF_SUB,Percentage of labour force in the same subgroup,G1,"Growth rate, period on period",_T,Total,Y_GE15,15 years or over,_Z,Not applicable,_Z,Not applicable,A,Annual,2025,,6.128672,,,,A,Normal value,0,Units,1,One
DATAFLOW,OECD.SDD.TPS:DSD_ALFS@DF_SUMTAB(1.0),"Annual labour force survey, summary tables",I,ITA,Italy,UNE_LF,Unemployment rate,PT_LF_SUB,Percentage of labour force in the same subgroup,G1,"Growth rate, period on period",_T,Total,Y_GE15,15 years or over,_Z,Not applicable,_Z,Not applicable,A,Annual,2024,,6.49832,,,,A,Normal value,0,Units,1,One
DATAFLOW,OECD.SDD.TPS:DSD_ALFS@DF_SUMTAB(1.0),"Annual labour force survey, summary tables",I,CAN,Canada,UNE_LF,Unemployment rate,PT_LF_SUB,Percentage of labour force in the same subgroup,G1,"Growth rate, period on period",_T,Total,Y_GE15,15 years or over,_Z,Not applicable,_Z,Not applicable,A,Annual,2016,,7.066667,,,,A,Normal value,0,Units,1,One
DATAFLOW,OECD.SDD.TPS:DSD_ALFS@DF_SUMTAB(1.0),"Annual labour force survey, summary tables",I,CAN,Canada,UNE_LF,Unemployment rate,PT_LF_SUB,Percentage of labour force in the same subgroup,G1,"Growth rate, period on period",_T,Total,Y_GE15,15 years or over,_Z,Not applicable,_Z,Not applicable,A,Annual,2015,,7,,,,A,Normal value,0,Units,1,One
DATAFLOW,OECD.SDD.TPS:DSD_ALFS@DF_SUMTAB(1.0),"Annual labour force survey, summary tables",I,CAN,Canada,UNE_LF,Unemployment rate,PT_LF_SUB,Percentage of labour force in the same subgroup,G1,"Growth rate, period on period",_T,Total,Y_GE15,15 years or over,_Z,Not applicable,_Z,Not applicable,A,Annual,2014,,7.041667,,,,A,Normal value,0,Units,1,One
DATAFLOW,OECD.SDD.TPS:DSD_ALFS@DF_SUMTAB(1.0),"Annual labour force survey, summary tables",I,CAN,Canada,UNE_LF,Unemployment rate,PT_LF_SUB,Percentage of labour force in the same subgroup,G1,"Growth rate, period on period",_T,Total,Y_GE15,15 years or over,_Z,Not applicable,_Z,Not applicable,A,Annual,2013,,7.166667,,,,A,Normal value,0,Units,1,One
DATAFLOW,OECD.SDD.TPS:DSD_ALFS@DF_SUMTAB(1.0),"Annual labour force survey, summary tables",I,JPN,Japan,UNE_LF,Unemployment rate,PT_LF_SUB,Percentage of labour force in the same subgroup,G1,"Growth rate, period on period",_T,Total,Y_GE15,15 years or over,_Z,Not applicable,_Z,Not applicable,A,Annual,2016,,3.116667,,,,A,Normal value,0,Units,1,One
DATAFLOW,OECD.SDD.TPS:DSD_ALFS@DF_SUMTAB(1.0),"Annual labour force survey, summary tables",I,GBR,United Kingdom,UNE_LF,Unemployment rate,PT_LF_SUB,Percentage of labour force in the same subgroup,G1,"Growth rate, period on period",_T,Total,Y_GE15,15 years or over,_Z,Not applicable,_Z,Not applicable,A,Annual,2018,,4.080795,,,,A,Normal value,0,Units,1,One
DATAFLOW,OECD.SDD.TPS:DSD_ALFS@DF_SUMTAB(1.0),"Annual labour force survey, summary tables",I,GBR,United Kingdom,UNE_LF,Unemployment rate,PT_LF_SUB,Percentage of labour force in the same subgroup,G1,"Growth rate, period on period",_T,Total,Y_GE15,15 years or over,_Z,Not applicable,_Z,Not applicable,A,Annual,2017,,4.401408,,,,A,Normal value,0,Units,1,One
DATAFLOW,OECD.SDD.TPS:DSD_ALFS@DF_SUMTAB(1.0),"Annual labour force survey, summary tables",I,SWE,Sweden,UNE_LF,Unemployment rate,PT_LF_SUB,Percentage of labour force in the same subgroup,G1,"Growth rate, period on period",_T,Total,Y_GE15,15 years or over,_Z,Not applicable,_Z,Not applicable,A,Annual,2008,,6.234297,,,,A,Normal value,0,Units,1,One
DATAFLOW,OECD.SDD.TPS:DSD_ALFS@DF_SUMTAB(1.0),"Annual labour force survey, summary tables",I,JPN,Japan,UNE_LF,Unemployment rate,PT_LF_SUB,Percentage of labour force in the same subgroup,G1,"Growth rate, period on period",_T,Total,Y_GE15,15 years or over,_Z,Not applicable,_Z,Not applicable,A,Annual,2009,,5.066667,,,,A,Normal value,0,Units,1,One
DATAFLOW,OECD.SDD.TPS:DSD_ALFS@DF_SUMTAB(1.0),"Annual labour force survey, summary tables",I,JPN,Japan,UNE_LF,Unemployment rate,PT_LF_SUB,Percentage of labour force in the same subgroup,G1,"Growth rate, period on period",_T,Total,Y_GE15,15 years or over,_Z,Not applicable,_Z,Not applicable,A,Annual,2008,,3.991667,,,,A,Normal value,0,Units,1,One
DATAFLOW,OECD.SDD.TPS:DSD_ALFS@DF_SUMTAB(1.0),"Annual labour force survey, summary tables",I,JPN,Japan,UNE_LF,Unemployment rate,PT_LF_SUB,Percentage of labour force in the same subgroup,G1,"Growth rate, period on period",_T,Total,Y_GE15,15 years or over,_Z,Not applicable,_Z,Not applicable,A,Annual,2007,,3.841667,,,,A,Normal value,0,Units,1,One
DATAFLOW,OECD.SDD.TPS:DSD_ALFS@DF_SUMTAB(1.0),"Annual labour force survey, summary tables",I,JPN,Japan,UNE_LF,Unemployment rate,PT_LF_SUB,Percentage of labour force in the same subgroup,G1,"Growth rate, period on period",_T,Total,Y_GE15,15 years or over,_Z,Not applicable,_Z,Not applicable,A,Annual,2006,,4.141667,,,,A,Normal value,0,Units,1,One
DATAFLOW,OECD.SDD.TPS:DSD_ALFS@DF_SUMTAB(1.0),"Annual labour force survey, summary tables",I,JPN,Japan,UNE_LF,Unemployment rate,PT_LF_SUB,Percentage of labour force in the same subgroup,G1,"Growth rate, period on period",_T,Total,Y_GE15,15 years or over,_Z,Not applicable,_Z,Not applicable,A,Annual,2005,,4.425,,,,A,Normal value,0,Units,1,One
DATAFLOW,OECD.SDD.TPS:DSD_ALFS@DF_SUMTAB(1.0),"Annual labour force survey, summary tables",I,JPN,Japan,UNE_LF,Unemployment rate,PT_LF_SUB,Percentage of labour force in the same subgroup,G1,"Growth rate, period on period",_T,Total,Y_GE15,15 years or over,_Z,Not applicable,_Z,Not applicable,A,Annual,2004,,4.716667,,,,A,Normal value,0,Units,1,One
DATAFLOW,OECD.SDD.TPS:DSD_ALFS@DF_SUMTAB(1.0),"Annual labour force survey, summary tables",I,JPN,Japan,UNE_LF,Unemployment rate,PT_LF_SUB,Percentage of labour force in the same subgroup,G1,"Growth rate, period on period",_T,Total,Y_GE15,15 years or over,_Z,Not applicable,_Z,Not applicable,A,Annual,2003,,5.258333,,,,A,Normal value,0,Units,1,One
DATAFLOW,OECD.SDD.TPS:DSD_ALFS@DF_SUMTAB(1.0),"Annual labour force survey, summary tables",I,JPN,Japan,UNE_LF,Unemployment rate,PT_LF_SUB,Percentage of labour force in the same subgroup,G1,"Growth rate, period on period",_T,Total,Y_GE15,15 years or over,_Z,Not applicable,_Z,Not applicable,A,Annual,2002,,5.375,,,,A,Normal value,0,Units,1,One
DATAFLOW,OECD.SDD.TPS:DSD_ALFS@DF_SUMTAB(1.0),"Annual labour force survey, summary tables",I,JPN,Japan,UNE_LF,Unemployment rate,PT_LF_SUB,Percentage of labour force in the same subgroup,G1,"Growth rate, period on period",_T,Total,Y_GE15,15 years or over,_Z,Not applicable,_Z,Not applicable,A,Annual,2001,,5.033333,,,,A,Normal value,0,Units,1,One
DATAFLOW,OECD.SDD.TPS:DSD_ALFS@DF_SUMTAB(1.0),"Annual labour force survey, summary tables",I,NLD,Netherlands,UNE_LF,Unemployment rate,PT_LF_SUB,Percentage of labour force in the same subgroup,G1,"Growth rate, period on period",_T,Total,Y_GE15,15 years or over,_Z,Not applicable,_Z,Not applicable,A,Annual,2025,,3.847749,,,,A,Normal value,0,Units,1,One
DATAFLOW,OECD.SDD.TPS:DSD_ALFS@DF_SUMTAB(1.0),"Annual labour force survey, summary tables",I,NLD,Netherlands,UNE_LF,Unemployment rate,PT_LF_SUB,Percentage of labour force in the same subgroup,G1,"Growth rate, period on period",_T,Total,Y_GE15,15 years or over,_Z,Not applicable,_Z,Not applicable,A,Annual,2024,,3.639475,,,,A,Normal value,0,Units,1,One
DATAFLOW,OECD.SDD.TPS:DSD_ALFS@DF_SUMTAB(1.0),"Annual labour force survey, summary tables",I,NLD,Netherlands,UNE_LF,Unemployment rate,PT_LF_SUB,Percentage of labour force in the same subgroup,G1,"Growth rate, period on period",_T,Total,Y_GE15,15 years or over,_Z,Not applicable,_Z,Not applicable,A,Annual,2023,,3.53674,,,,A,Normal value,0,Units,1,One
DATAFLOW,OECD.SDD.TPS:DSD_ALFS@DF_SUMTAB(1.0),"Annual labour force survey, summary tables",I,NLD,Netherlands,UNE_LF,Unemployment rate,PT_LF_SUB,Percentage of labour force in the same subgroup,G1,"Growth rate, period on period",_T,Total,Y_GE15,15 years or over,_Z,Not applicable,_Z,Not applicable,A,Annual,2022,,3.524602,,,,A,Normal value,0,Units,1,One
DATAFLOW,OECD.SDD.TPS:DSD_ALFS@DF_SUMTAB(1.0),"Annual labour force survey, summary tables",I,NLD,Netherlands,UNE_LF,Unemployment rate,PT_LF_SUB,Percentage of labour force in the same subgroup,G1,"Growth rate, period on period",_T,Total,Y_GE15,15 years or over,_Z,Not applicable,_Z,Not applicable,A,Annual,2021,,4.212086,,,,A,Normal value,0,Units,1,One
DATAFLOW,OECD.SDD.TPS:DSD_ALFS@DF_SUMTAB(1.0),"Annual labour force survey, summary tables",I,NLD,Netherlands,UNE_LF,Unemployment rate,PT_LF_SUB,Percentage of labour force in the same subgroup,G1,"Growth rate, period on period",_T,Total,Y_GE15,15 years or over,_Z,Not applicable,_Z,Not applicable,A,Annual,2019,,3.380925,,,,A,Normal value,0,Units,1,One
DATAFLOW,OECD.SDD.TPS:DSD_ALFS@DF_SUMTAB(1.0),"Annual labour force survey, summary tables",I,NLD,Netherlands,UNE_LF,Unemployment rate,PT_LF_SUB,Percentage of labour force in the same subgroup,G1,"Growth rate, period on period",_T,Total,Y_GE15,15 years or over,_Z,Not applicable,_Z,Not applicable,A,Annual,2018,,3.832783,,,,A,Normal value,0,Units,1,One
DATAFLOW,OECD.SDD.TPS:DSD_ALFS@DF_SUMTAB(1.0),"Annual labour force survey, summary tables",I,NLD,Netherlands,UNE_LF,Unemployment rate,PT_LF_SUB,Percentage of labour force in the same subgroup,G1,"Growth rate, period on period",_T,Total,Y_GE15,15 years or over,_Z,Not applicable,_Z,Not applicable,A,Annual,2017,,4.840583,,,,A,Normal value,0,Units,1,One
DATAFLOW,OECD.SDD.TPS:DSD_ALFS@DF_SUMTAB(1.0),"Annual labour force survey, summary tables",I,NLD,Netherlands,UNE_LF,Unemployment rate,PT_LF_SUB,Percentage of labour force in the same subgroup,G1,"Growth rate, period on period",_T,Total,Y_GE15,15 years or over,_Z,Not applicable,_Z,Not applicable,A,Annual,2016,,6.008005,,,,A,Normal value,0,Units,1,One
DATAFLOW,OECD.SDD.TPS:DSD_ALFS@DF_SUMTAB(1.0),"Annual labour force survey, summary tables",I,NLD,Netherlands,UNE_LF,Unemployment rate,PT_LF_SUB,Percentage of labour force in the same subgroup,G1,"Growth rate, period on period",_T,Total,Y_GE15,15 years or over,_Z,Not applicable,_Z,Not applicable,A,Annual,2015,,6.87275,,,,A,Normal value,0,Units,1,One
DATAFLOW,OECD.SDD.TPS:DSD_ALFS@DF_SUMTAB(1.0),"Annual labour force survey, summary tables",I,NLD,Netherlands,UNE_LF,Unemployment rate,PT_LF_SUB,Percentage of labour force in the same subgroup,G1,"Growth rate, period on period",_T,Total,Y_GE15,15 years or over,_Z,Not applicable,_Z,Not applicable,A,Annual,2014,,7.416559,,,,A,Normal value,0,Units,1,One
DATAFLOW,OECD.SDD.TPS:DSD_ALFS@DF_SUMTAB(1.0),"Annual labour force survey, summary tables",I,NLD,Netherlands,UNE_LF,Unemployment rate,PT_LF_SUB,Percentage of labour force in the same subgroup,G1,"Growth rate, period on period",_T,Total,Y_GE15,15 years or over,_Z,Not applicable,_Z,Not applicable,A,Annual,2013,,7.242756,,,,A,Normal value,0,Units,1,One
DATAFLOW,OECD.SDD.TPS:DSD_ALFS@DF_SUMTAB(1.0),"Annual labour force survey, summary tables",I,NLD,Netherlands,UNE_LF,Unemployment rate,PT_LF_SUB,Percentage of labour force in the same subgroup,G1,"Growth rate, period on period",_T,Total,Y_GE15,15 years or over,_Z,Not applicable,_Z,Not applicable,A,Annual,2012,,5.820734,,,,A,Normal value,0,Units,1,One
DATAFLOW,OECD.SDD.TPS:DSD_ALFS@DF_SUMTAB(1.0),"Annual labour force survey, summary tables",I,NLD,Netherlands,UNE_LF,Unemployment rate,PT_LF_SUB,Percentage of labour force in the same subgroup,G1,"Growth rate, period on period",_T,Total,Y_GE15,15 years or over,_Z,Not applicable,_Z,Not applicable,A,Annual,2011,,4.976648,,,,A,Normal value,0,Units,1,One
DATAFLOW,OECD.SDD.TPS:DSD_ALFS@DF_SUMTAB(1.0),"Annual labour force survey, summary tables",I,NLD,Netherlands,UNE_LF,Unemployment rate,PT_LF_SUB,Percentage of labour force in the same subgroup,G1,"Growth rate, period on period",_T,Total,Y_GE15,15 years or over,_Z,Not applicable,_Z,Not applicable,A,Annual,2010,,4.989325,,,,A,Normal value,0,Units,1,One
DATAFLOW,OECD.SDD.TPS:DSD_ALFS@DF_SUMTAB(1.0),"Annual labour force survey, summary tables",I,NLD,Netherlands,UNE_LF,Unemployment rate,PT_LF_SUB,Percentage of labour force in the same subgroup,G1,"Growth rate, period on period",_T,Total,Y_GE15,15 years or over,_Z,Not applicable,_Z,Not applicable,A,Annual,2009,,4.347569,,,,A,Normal value,0,Units,1,One
DATAFLOW,OECD.SDD.TPS:DSD_ALFS@DF_SUMTAB(1.0),"Annual labour force survey, summary tables",I,NLD,Netherlands,UNE_LF,Unemployment rate,PT_LF_SUB,Percentage of labour force in the same subgroup,G1,"Growth rate, period on period",_T,Total,Y_GE15,15 years or over,_Z,Not applicable,_Z,Not applicable,A,Annual,2008,,3.655041,,,,A,Normal value,0,Units,1,One
DATAFLOW,OECD.SDD.TPS:DSD_ALFS@DF_SUMTAB(1.0),"Annual labour force survey, summary tables",I,NLD,Netherlands,UNE_LF,Unemployment rate,PT_LF_SUB,Percentage of labour force in the same subgroup,G1,"Growth rate, period on period",_T,Total,Y_GE15,15 years or over,_Z,Not applicable,_Z,Not applicable,A,Annual,2007,,4.154449,,,,A,Normal value,0,Units,1,One
DATAFLOW,OECD.SDD.TPS:DSD_ALFS@DF_SUMTAB(1.0),"Annual labour force survey, summary tables",I,NLD,Netherlands,UNE_LF,Unemployment rate,PT_LF_SUB,Percentage of labour force in the same subgroup,G1,"Growth rate, period on period",_T,Total,Y_GE15,15 years or over,_Z,Not applicable,_Z,Not applicable,A,Annual,2006,,5.004153,,,,A,Normal value,0,Units,1,One
DATAFLOW,OECD.SDD.TPS:DSD_ALFS@DF_SUMTAB(1.0),"Annual labour force survey, summary tables",I,NLD,Netherlands,UNE_LF,Unemployment rate,PT_LF_SUB,Percentage of labour force in the same subgroup,G1,"Growth rate, period on period",_T,Total,Y_GE15,15 years or over,_Z,Not applicable,_Z,Not applicable,A,Annual,2005,,5.873712,,,,A,Normal value,0,Units,1,One
DATAFLOW,OECD.SDD.TPS:DSD_ALFS@DF_SUMTAB(1.0),"Annual labour force survey, summary tables",I,NLD,Netherlands,UNE_LF,Unemployment rate,PT_LF_SUB,Percentage of labour force in the same subgroup,G1,"Growth rate, period on period",_T,Total,Y_GE15,15 years or over,_Z,Not applicable,_Z,Not applicable,A,Annual,2003,,3.682332,,,,A,Normal value,0,Units,1,One
DATAFLOW,OECD.SDD.TPS:DSD_ALFS@DF_SUMTAB(1.0),"Annual labour force survey, summary tables",I,NLD,Netherlands,UNE_LF,Unemployment rate,PT_LF_SUB,Percentage of labour force in the same subgroup,G1,"Growth rate, period on period",_T,Total,Y_GE15,15 years or over,_Z,Not applicable,_Z,Not applicable,A,Annual,2002,,2.755879,,,,A,Normal value,0,Units,1,One
DATAFLOW,OECD.SDD.TPS:DSD_ALFS@DF_SUMTAB(1.0),"Annual labour force survey, summary tables",I,NLD,Netherlands,UNE_LF,Unemployment rate,PT_LF_SUB,Percentage of labour force in the same subgroup,G1,"Growth rate, period on period",_T,Total,Y_GE15,15 years or over,_Z,Not applicable,_Z,Not applicable,A,Annual,2001,,2.251628,,,,A,Normal value,0,Units,1,One
DATAFLOW,OECD.SDD.TPS:DSD_ALFS@DF_SUMTAB(1.0),"Annual labour force survey, summary tables",I,SWE,Sweden,UNE_LF,Unemployment rate,PT_LF_SUB,Percentage of labour force in the same subgroup,G1,"Growth rate, period on period",_T,Total,Y_GE15,15 years or over,_Z,Not applicable,_Z,Not applicable,A,Annual,2007,,6.163466,,,,A,Normal value,0,Units,1,One
DATAFLOW,OECD.SDD.TPS:DSD_ALFS@DF_SUMTAB(1.0),"Annual labour force survey, summary tables",I,SWE,Sweden,UNE_LF,Unemployment rate,PT_LF_SUB,Percentage of labour force in the same subgroup,G1,"Growth rate, period on period",_T,Total,Y_GE15,15 years or over,_Z,Not applicable,_Z,Not applicable,A,Annual,2006,,7.068759,,,,A,Normal value,0,Units,1,One
DATAFLOW,OECD.SDD.TPS:DSD_ALFS@DF_SUMTAB(1.0),"Annual labour force survey, summary tables",I,SWE,Sweden,UNE_LF,Unemployment rate,PT_LF_SUB,Percentage of labour force in the same subgroup,G1,"Growth rate, period on period",_T,Total,Y_GE15,15 years or over,_Z,Not applicable,_Z,Not applicable,A,Annual,2003,,5.677462,,,,A,Normal value,0,Units,1,One
DATAFLOW,OECD.SDD.TPS:DSD_ALFS@DF_SUMTAB(1.0),"Annual labour force survey, summary tables",I,SWE,Sweden,UNE_LF,Unemployment rate,PT_LF_SUB,Percentage of labour force in the same subgroup,G1,"Growth rate, period on period",_T,Total,Y_GE15,15 years or over,_Z,Not applicable,_Z,Not applicable,A,Annual,2002,,5.072618,,,,A,Normal value,0,Units,1,One
DATAFLOW,OECD.SDD.TPS:DSD_ALFS@DF_SUMTAB(1.0),"Annual labour force survey, summary tables",I,SWE,Sweden,UNE_LF,Unemployment rate,PT_LF_SUB,Percentage of labour force in the same subgroup,G1,"Growth rate, period on period",_T,Total,Y_GE15,15 years or over,_Z,Not applicable,_Z,Not applicable,A,Annual,2001,,4.850808,,,,A,Normal value,0,Units,1,One
DATAFLOW,OECD.SDD.TPS:DSD_ALFS@DF_SUMTAB(1.0),"Annual labour force survey, summary tables",I,SWE,Sweden,UNE_LF,Unemployment rate,PT_LF_SUB,Percentage of labour force in the same subgroup,G1,"Growth rate, period on period",_T,Total,Y_GE15,15 years or over,_Z,Not applicable,_Z,Not applicable,A,Annual,2025,,8.739836,,,,A,Normal value,0,Units,1,One
DATAFLOW,OECD.SDD.TPS:DSD_ALFS@DF_SUMTAB(1.0),"Annual labour force survey, summary tables",I,FRA,France,UNE_LF,Unemployment rate,PT_LF_SUB,Percentage of labour force in the same subgroup,G1,"Growth rate, period on period",_T,Total,Y_GE15,15 years or over,_Z,Not applicable,_Z,Not applicable,A,Annual,2025,,7.660427,,,,A,Normal value,0,Units,1,One
DATAFLOW,OECD.SDD.TPS:DSD_ALFS@DF_SUMTAB(1.0),"Annual labour force survey, summary tables",I,FRA,France,UNE_LF,Unemployment rate,PT_LF_SUB,Percentage of labour force in the same subgroup,G1,"Growth rate, period on period",_T,Total,Y_GE15,15 years or over,_Z,Not applicable,_Z,Not applicable,A,Annual,2024,,7.387452,,,,A,Normal value,0,Units,1,One
DATAFLOW,OECD.SDD.TPS:DSD_ALFS@DF_SUMTAB(1.0),"Annual labour force survey, summary tables",I,GBR,United Kingdom,UNE_LF,Unemployment rate,PT_LF_SUB,Percentage of labour force in the same subgroup,G1,"Growth rate, period on period",_T,Total,Y_GE15,15 years or over,_Z,Not applicable,_Z,Not applicable,A,Annual,2016,,4.89256,,,,A,Normal value,0,Units,1,One
DATAFLOW,OECD.SDD.TPS:DSD_ALFS@DF_SUMTAB(1.0),"Annual labour force survey, summary tables",I,GBR,United Kingdom,UNE_LF,Unemployment rate,PT_LF_SUB,Percentage of labour force in the same subgroup,G1,"Growth rate, period on period",_T,Total,Y_GE15,15 years or over,_Z,Not applicable,_Z,Not applicable,A,Annual,2015,,5.383487,,,,A,Normal value,0,Units,1,One
DATAFLOW,OECD.SDD.TPS:DSD_ALFS@DF_SUMTAB(1.0),"Annual labour force survey, summary tables",I,GBR,United Kingdom,UNE_LF,Unemployment rate,PT_LF_SUB,Percentage of labour force in the same subgroup,G1,"Growth rate, period on period",_T,Total,Y_GE15,15 years or over,_Z,Not applicable,_Z,Not applicable,A,Annual,2014,,6.178191,,,,A,Normal value,0,Units,1,One
DATAFLOW,OECD.SDD.TPS:DSD_ALFS@DF_SUMTAB(1.0),"Annual labour force survey, summary tables",I,GBR,United Kingdom,UNE_LF,Unemployment rate,PT_LF_SUB,Percentage of labour force in the same subgroup,G1,"Growth rate, period on period",_T,Total,Y_GE15,15 years or over,_Z,Not applicable,_Z,Not applicable,A,Annual,2013,,7.602908,,,,A,Normal value,0,Units,1,One
DATAFLOW,OECD.SDD.TPS:DSD_ALFS@DF_SUMTAB(1.0),"Annual labour force survey, summary tables",I,GBR,United Kingdom,UNE_LF,Unemployment rate,PT_LF_SUB,Percentage of labour force in the same subgroup,G1,"Growth rate, period on period",_T,Total,Y_GE15,15 years or over,_Z,Not applicable,_Z,Not applicable,A,Annual,2012,,7.965436,,,,A,Normal value,0,Units,1,One
DATAFLOW,OECD.SDD.TPS:DSD_ALFS@DF_SUMTAB(1.0),"Annual labour force survey, summary tables",I,GBR,United Kingdom,UNE_LF,Unemployment rate,PT_LF_SUB,Percentage of labour force in the same subgroup,G1,"Growth rate, period on period",_T,Total,Y_GE15,15 years or over,_Z,Not applicable,_Z,Not applicable,A,Annual,2011,,8.106507,,,,A,Normal value,0,Units,1,One
DATAFLOW,OECD.SDD.TPS:DSD_ALFS@DF_SUMTAB(1.0),"Annual labour force survey, summary tables",I,GBR,United Kingdom,UNE_LF,Unemployment rate,PT_LF_SUB,Percentage of labour force in the same subgroup,G1,"Growth rate, period on period",_T,Total,Y_GE15,15 years or over,_Z,Not applicable,_Z,Not applicable,A,Annual,2010,,7.868146,,,,A,Normal value,0,Units,1,One
DATAFLOW,OECD.SDD.TPS:DSD_ALFS@DF_SUMTAB(1.0),"Annual labour force survey, summary tables",I,GBR,United Kingdom,UNE_LF,Unemployment rate,PT_LF_SUB,Percentage of labour force in the same subgroup,G1,"Growth rate, period on period",_T,Total,Y_GE15,15 years or over,_Z,Not applicable,_Z,Not applicable,A,Annual,2009,,7.611014,,,,A,Normal value,0,Units,1,One
DATAFLOW,OECD.SDD.TPS:DSD_ALFS@DF_SUMTAB(1.0),"Annual labour force survey, summary tables",I,GBR,United Kingdom,UNE_LF,Unemployment rate,PT_LF_SUB,Percentage of labour force in the same subgroup,G1,"Growth rate, period on period",_T,Total,Y_GE15,15 years or over,_Z,Not applicable,_Z,Not applicable,A,Annual,2008,,5.682184,,,,A,Normal value,0,Units,1,One
DATAFLOW,OECD.SDD.TPS:DSD_ALFS@DF_SUMTAB(1.0),"Annual labour force survey, summary tables",I,GBR,United Kingdom,UNE_LF,Unemployment rate,PT_LF_SUB,Percentage of labour force in the same subgroup,G1,"Growth rate, period on period",_T,Total,Y_GE15,15 years or over,_Z,Not applicable,_Z,Not applicable,A,Annual,2007,,5.32938,,,,A,Normal value,0,Units,1,One
DATAFLOW,OECD.SDD.TPS:DSD_ALFS@DF_SUMTAB(1.0),"Annual labour force survey, summary tables",I,GBR,United Kingdom,UNE_LF,Unemployment rate,PT_LF_SUB,Percentage of labour force in the same subgroup,G1,"Growth rate, period on period",_T,Total,Y_GE15,15 years or over,_Z,Not applicable,_Z,Not applicable,A,Annual,2006,,5.416913,,,,A,Normal value,0,Units,1,One
DATAFLOW,OECD.SDD.TPS:DSD_ALFS@DF_SUMTAB(1.0),"Annual labour force survey, summary tables",I,GBR,United Kingdom,UNE_LF,Unemployment rate,PT_LF_SUB,Percentage of labour force in the same subgroup,G1,"Growth rate, period on period",_T,Total,Y_GE15,15 years or over,_Z,Not applicable,_Z,Not applicable,A,Annual,2005,,4.823212,,,,A,Normal value,0,Units,1,One
DATAFLOW,OECD.SDD.TPS:DSD_ALFS@DF_SUMTAB(1.0),"Annual labour force survey, summary tables",I,GBR,United Kingdom,UNE_LF,Unemployment rate,PT_LF_SUB,Percentage of labour force in the same subgroup,G1,"Growth rate, period on period",_T,Total,Y_GE15,15 years or over,_Z,Not applicable,_Z,Not applicable,A,Annual,2004,,4.747055,,,,A,Normal value,0,Units,1,One
DATAFLOW,OECD.SDD.TPS:DSD_ALFS@DF_SUMTAB(1.0),"Annual labour force survey, summary tables",I,GBR,United Kingdom,UNE_LF,Unemployment rate,PT_LF_SUB,Percentage of labour force in the same subgroup,G1,"Growth rate, period on period",_T,Total,Y_GE15,15 years or over,_Z,Not applicable,_Z,Not applicable,A,Annual,2003,,5.007943,,,,A,Normal value,0,Units,1,One
DATAFLOW,OECD.SDD.TPS:DSD_ALFS@DF_SUMTAB(1.0),"Annual labour force survey, summary tables",I,USA,United States,UNE_LF,Unemployment rate,PT_LF_SUB,Percentage of labour force in the same subgroup,G1,"Growth rate, period on period",_T,Total,Y_GE15,15 years or over,_Z,Not applicable,_Z,Not applicable,A,Annual,2024,,4.016667,,,,A,Normal value,0,Units,1,One
DATAFLOW,OECD.SDD.TPS:DSD_ALFS@DF_SUMTAB(1.0),"Annual labour force survey, summary tables",I,USA,United States,UNE_LF,Unemployment rate,PT_LF_SUB,Percentage of labour force in the same subgroup,G1,"Growth rate, period on period",_T,Total,Y_GE15,15 years or over,_Z,Not applicable,_Z,Not applicable,A,Annual,2023,,3.633333,,,,A,Normal value,0,Units,1,One
DATAFLOW,OECD.SDD.TPS:DSD_ALFS@DF_SUMTAB(1.0),"Annual labour force survey, summary tables",I,USA,United States,UNE_LF,Unemployment rate,PT_LF_SUB,Percentage of labour force in the same subgroup,G1,"Growth rate, period on period",_T,Total,Y_GE15,15 years or over,_Z,Not applicable,_Z,Not applicable,A,Annual,2022,,3.65,,,,A,Normal value,0,Units,1,One
DATAFLOW,OECD.SDD.TPS:DSD_ALFS@DF_SUMTAB(1.0),"Annual labour force survey, summary tables",I,USA,United States,UNE_LF,Unemployment rate,PT_LF_SUB,Percentage of labour force in the same subgroup,G1,"Growth rate, period on period",_T,Total,Y_GE15,15 years or over,_Z,Not applicable,_Z,Not applicable,A,Annual,2021,,5.366667,,,,A,Normal value,0,Units,1,One
DATAFLOW,OECD.SDD.TPS:DSD_ALFS@DF_SUMTAB(1.0),"Annual labour force survey, summary tables",I,USA,United States,UNE_LF,Unemployment rate,PT_LF_SUB,Percentage of labour force in the same subgroup,G1,"Growth rate, period on period",_T,Total,Y_GE15,15 years or over,_Z,Not applicable,_Z,Not applicable,A,Annual,2020,,8.091666,,,,A,Normal value,0,Units,1,One
DATAFLOW,OECD.SDD.TPS:DSD_ALFS@DF_SUMTAB(1.0),"Annual labour force survey, summary tables",I,USA,United States,UNE_LF,Unemployment rate,PT_LF_SUB,Percentage of labour force in the same subgroup,G1,"Growth rate, period on period",_T,Total,Y_GE15,15 years or over,_Z,Not applicable,_Z,Not applicable,A,Annual,2019,,3.666667,,,,A,Normal value,0,Units,1,One
DATAFLOW,OECD.SDD.TPS:DSD_ALFS@DF_SUMTAB(1.0),"Annual labour force survey, summary tables",I,USA,United States,UNE_LF,Unemployment rate,PT_LF_SUB,Percentage of labour force in the same subgroup,G1,"Growth rate, period on period",_T,Total,Y_GE15,15 years or over,_Z,Not applicable,_Z,Not applicable,A,Annual,2018,,3.9,,,,A,Normal value,0,Units,1,One
DATAFLOW,OECD.SDD.TPS:DSD_ALFS@DF_SUMTAB(1.0),"Annual labour force survey, summary tables",I,USA,United States,UNE_LF,Unemployment rate,PT_LF_SUB,Percentage of labour force in the same subgroup,G1,"Growth rate, period on period",_T,Total,Y_GE15,15 years or over,_Z,Not applicable,_Z,Not applicable,A,Annual,2017,,4.35,,,,A,Normal value,0,Units,1,One
DATAFLOW,OECD.SDD.TPS:DSD_ALFS@DF_SUMTAB(1.0),"Annual labour force survey, summary tables",I,USA,United States,UNE_LF,Unemployment rate,PT_LF_SUB,Percentage of labour force in the same subgroup,G1,"Growth rate, period on period",_T,Total,Y_GE15,15 years or over,_Z,Not applicable,_Z,Not applicable,A,Annual,2016,,4.866667,,,,A,Normal value,0,Units,1,One
DATAFLOW,OECD.SDD.TPS:DSD_ALFS@DF_SUMTAB(1.0),"Annual labour force survey, summary tables",I,USA,United States,UNE_LF,Unemployment rate,PT_LF_SUB,Percentage of labour force in the same subgroup,G1,"Growth rate, period on period",_T,Total,Y_GE15,15 years or over,_Z,Not applicable,_Z,Not applicable,A,Annual,2015,,5.291667,,,,A,Normal value,0,Units,1,One
DATAFLOW,OECD.SDD.TPS:DSD_ALFS@DF_SUMTAB(1.0),"Annual labour force survey, summary tables",I,USA,United States,UNE_LF,Unemployment rate,PT_LF_SUB,Percentage of labour force in the same subgroup,G1,"Growth rate, period on period",_T,Total,Y_GE15,15 years or over,_Z,Not applicable,_Z,Not applicable,A,Annual,2014,,6.166667,,,,A,Normal value,0,Units,1,One
DATAFLOW,OECD.SDD.TPS:DSD_ALFS@DF_SUMTAB(1.0),"Annual labour force survey, summary tables",I,USA,United States,UNE_LF,Unemployment rate,PT_LF_SUB,Percentage of labour force in the same subgroup,G1,"Growth rate, period on period",_T,Total,Y_GE15,15 years or over,_Z,Not applicable,_Z,Not applicable,A,Annual,2013,,7.375,,,,A,Normal value,0,Units,1,One
DATAFLOW,OECD.SDD.TPS:DSD_ALFS@DF_SUMTAB(1.0),"Annual labour force survey, summary tables",I,USA,United States,UNE_LF,Unemployment rate,PT_LF_SUB,Percentage of labour force in the same subgroup,G1,"Growth rate, period on period",_T,Total,Y_GE15,15 years or over,_Z,Not applicable,_Z,Not applicable,A,Annual,2012,,8.066667,,,,A,Normal value,0,Units,1,One
DATAFLOW,OECD.SDD.TPS:DSD_ALFS@DF_SUMTAB(1.0),"Annual labour force survey, summary tables",I,USA,United States,UNE_LF,Unemployment rate,PT_LF_SUB,Percentage of labour force in the same subgroup,G1,"Growth rate, period on period",_T,Total,Y_GE15,15 years or over,_Z,Not applicable,_Z,Not applicable,A,Annual,2011,,8.95,,,,A,Normal value,0,Units,1,One
DATAFLOW,OECD.SDD.TPS:DSD_ALFS@DF_SUMTAB(1.0),"Annual labour force survey, summary tables",I,USA,United States,UNE_LF,Unemployment rate,PT_LF_SUB,Percentage of labour force in the same subgroup,G1,"Growth rate, period on period",_T,Total,Y_GE15,15 years or over,_Z,Not applicable,_Z,Not applicable,A,Annual,2010,,9.616667,,,,A,Normal value,0,Units,1,One
DATAFLOW,OECD.SDD.TPS:DSD_ALFS@DF_SUMTAB(1.0),"Annual labour force survey, summary tables",I,USA,United States,UNE_LF,Unemployment rate,PT_LF_SUB,Percentage of labour force in the same subgroup,G1,"Growth rate, period on period",_T,Total,Y_GE15,15 years or over,_Z,Not applicable,_Z,Not applicable,A,Annual,2009,,9.266666,,,,A,Normal value,0,Units,1,One
DATAFLOW,OECD.SDD.TPS:DSD_ALFS@DF_SUMTAB(1.0),"Annual labour force survey, summary tables",I,USA,United States,UNE_LF,Unemployment rate,PT_LF_SUB,Percentage of labour force in the same subgroup,G1,"Growth rate, period on period",_T,Total,Y_GE15,15 years or over,_Z,Not applicable,_Z,Not applicable,A,Annual,2008,,5.775,,,,A,Normal value,0,Units,1,One
DATAFLOW,OECD.SDD.TPS:DSD_ALFS@DF_SUMTAB(1.0),"Annual labour force survey, summary tables",I,USA,United States,UNE_LF,Unemployment rate,PT_LF_SUB,Percentage of labour force in the same subgroup,G1,"Growth rate, period on period",_T,Total,Y_GE15,15 years or over,_Z,Not applicable,_Z,Not applicable,A,Annual,2007,,4.616667,,,,A,Normal value,0,Units,1,One
DATAFLOW,OECD.SDD.TPS:DSD_ALFS@DF_SUMTAB(1.0),"Annual labour force survey, summary tables",I,USA,United States,UNE_LF,Unemployment rate,PT_LF_SUB,Percentage of labour force in the same subgroup,G1,"Growth rate, period on period",_T,Total,Y_GE15,15 years or over,_Z,Not applicable,_Z,Not applicable,A,Annual,2006,,4.616667,,,,A,Normal value,0,Units,1,One
DATAFLOW,OECD.SDD.TPS:DSD_ALFS@DF_SUMTAB(1.0),"Annual labour force survey, summary tables",I,USA,United States,UNE_LF,Unemployment rate,PT_LF_SUB,Percentage of labour force in the same subgroup,G1,"Growth rate, period on period",_T,Total,Y_GE15,15 years or over,_Z,Not applicable,_Z,Not applicable,A,Annual,2005,,5.066667,,,,A,Normal value,0,Units,1,One
DATAFLOW,OECD.SDD.TPS:DSD_ALFS@DF_SUMTAB(1.0),"Annual labour force survey, summary tables",I,USA,United States,UNE_LF,Unemployment rate,PT_LF_SUB,Percentage of labour force in the same subgroup,G1,"Growth rate, period on period",_T,Total,Y_GE15,15 years or over,_Z,Not applicable,_Z,Not applicable,A,Annual,2004,,5.533333,,,,A,Normal value,0,Units,1,One
DATAFLOW,OECD.SDD.TPS:DSD_ALFS@DF_SUMTAB(1.0),"Annual labour force survey, summary tables",I,USA,United States,UNE_LF,Unemployment rate,PT_LF_SUB,Percentage of labour force in the same subgroup,G1,"Growth rate, period on period",_T,Total,Y_GE15,15 years or over,_Z,Not applicable,_Z,Not applicable,A,Annual,2003,,5.991667,,,,A,Normal value,0,Units,1,One
DATAFLOW,OECD.SDD.TPS:DSD_ALFS@DF_SUMTAB(1.0),"Annual labour force survey, summary tables",I,USA,United States,UNE_LF,Unemployment rate,PT_LF_SUB,Percentage of labour force in the same subgroup,G1,"Growth rate, period on period",_T,Total,Y_GE15,15 years or over,_Z,Not applicable,_Z,Not applicable,A,Annual,2002,,5.775,,,,A,Normal value,0,Units,1,One
DATAFLOW,OECD.SDD.TPS:DSD_ALFS@DF_SUMTAB(1.0),"Annual labour force survey, summary tables",I,USA,United States,UNE_LF,Unemployment rate,PT_LF_SUB,Percentage of labour force in the same subgroup,G1,"Growth rate, period on period",_T,Total,Y_GE15,15 years or over,_Z,Not applicable,_Z,Not applicable,A,Annual,2001,,4.733333,,,,A,Normal value,0,Units,1,One
DATAFLOW,OECD.SDD.TPS:DSD_ALFS@DF_SUMTAB(1.0),"Annual labour force survey, summary tables",I,HRV,Croatia,UNE_LF,Unemployment rate,PT_LF_SUB,Percentage of labour force in the same subgroup,G1,"Growth rate, period on period",_T,Total,Y_GE15,15 years or over,_Z,Not applicable,_Z,Not applicable,A,Annual,2012,,16.04598,,,,A,Normal value,0,Units,1,One
DATAFLOW,OECD.SDD.TPS:DSD_ALFS@DF_SUMTAB(1.0),"Annual labour force survey, summary tables",I,HRV,Croatia,UNE_LF,Unemployment rate,PT_LF_SUB,Percentage of labour force in the same subgroup,G1,"Growth rate, period on period",_T,Total,Y_GE15,15 years or over,_Z,Not applicable,_Z,Not applicable,A,Annual,2003,,14.10561,,,,A,Normal value,0,Units,1,One
DATAFLOW,OECD.SDD.TPS:DSD_ALFS@DF_SUMTAB(1.0),"Annual labour force survey, summary tables",I,HRV,Croatia,UNE_LF,Unemployment rate,PT_LF_SUB,Percentage of labour force in the same subgroup,G1,"Growth rate, period on period",_T,Total,Y_GE15,15 years or over,_Z,Not applicable,_Z,Not applicable,A,Annual,2002,,14.70818,,,,A,Normal value,0,Units,1,One
DATAFLOW,OECD.SDD.TPS:DSD_ALFS@DF_SUMTAB(1.0),"Annual labour force survey, summary tables",I,HRV,Croatia,UNE_LF,Unemployment rate,PT_LF_SUB,Percentage of labour force in the same subgroup,G1,"Growth rate, period on period",_T,Total,Y_GE15,15 years or over,_Z,Not applicable,_Z,Not applicable,A,Annual,2011,,13.67971,,,,A,Normal value,0,Units,1,One
DATAFLOW,OECD.SDD.TPS:DSD_ALFS@DF_SUMTAB(1.0),"Annual labour force survey, summary tables",I,HRV,Croatia,UNE_LF,Unemployment rate,PT_LF_SUB,Percentage of labour force in the same subgroup,G1,"Growth rate, period on period",_T,Total,Y_GE15,15 years or over,_Z,Not applicable,_Z,Not applicable,A,Annual,2010,,11.62137,,,,A,Normal value,0,Units,1,One
DATAFLOW,OECD.SDD.TPS:DSD_ALFS@DF_SUMTAB(1.0),"Annual labour force survey, summary tables",I,HRV,Croatia,UNE_LF,Unemployment rate,PT_LF_SUB,Percentage of labour force in the same subgroup,G1,"Growth rate, period on period",_T,Total,Y_GE15,15 years or over,_Z,Not applicable,_Z,Not applicable,A,Annual,2009,,9.202724,,,,A,Normal value,0,Units,1,One
DATAFLOW,OECD.SDD.TPS:DSD_ALFS@DF_SUMTAB(1.0),"Annual labour force survey, summary tables",I,HRV,Croatia,UNE_LF,Unemployment rate,PT_LF_SUB,Percentage of labour force in the same subgroup,G1,"Growth rate, period on period",_T,Total,Y_GE15,15 years or over,_Z,Not applicable,_Z,Not applicable,A,Annual,2008,,8.530616,,,,A,Normal value,0,Units,1,One
DATAFLOW,OECD.SDD.TPS:DSD_ALFS@DF_SUMTAB(1.0),"Annual labour force survey, summary tables",I,HRV,Croatia,UNE_LF,Unemployment rate,PT_LF_SUB,Percentage of labour force in the same subgroup,G1,"Growth rate, period on period",_T,Total,Y_GE15,15 years or over,_Z,Not applicable,_Z,Not applicable,A,Annual,2007,,9.908026,,,,A,Normal value,0,Units,1,One
DATAFLOW,OECD.SDD.TPS:DSD_ALFS@DF_SUMTAB(1.0),"Annual labour force survey, summary tables",I,ITA,Italy,UNE_LF,Unemployment rate,PT_LF_SUB,Percentage of labour force in the same subgroup,G1,"Growth rate, period on period",_T,Total,Y_GE15,15 years or over,_Z,Not applicable,_Z,Not applicable,A,Annual,2023,,7.627938,,,,A,Normal value,0,Units,1,One
DATAFLOW,OECD.SDD.TPS:DSD_ALFS@DF_SUMTAB(1.0),"Annual labour force survey, summary tables",I,ITA,Italy,UNE_LF,Unemployment rate,PT_LF_SUB,Percentage of labour force in the same subgroup,G1,"Growth rate, period on period",_T,Total,Y_GE15,15 years or over,_Z,Not applicable,_Z,Not applicable,A,Annual,2022,,8.070579,,,,A,Normal value,0,Units,1,One
DATAFLOW,OECD.SDD.TPS:DSD_ALFS@DF_SUMTAB(1.0),"Annual labour force survey, summary tables",I,ITA,Italy,UNE_LF,Unemployment rate,PT_LF_SUB,Percentage of labour force in the same subgroup,G1,"Growth rate, period on period",_T,Total,Y_GE15,15 years or over,_Z,Not applicable,_Z,Not applicable,A,Annual,2021,,9.505291,,,,A,Normal value,0,Units,1,One
DATAFLOW,OECD.SDD.TPS:DSD_ALFS@DF_SUMTAB(1.0),"Annual labour force survey, summary tables",I,ITA,Italy,UNE_LF,Unemployment rate,PT_LF_SUB,Percentage of labour force in the same subgroup,G1,"Growth rate, period on period",_T,Total,Y_GE15,15 years or over,_Z,Not applicable,_Z,Not applicable,A,Annual,2019,,9.951497,,,,A,Normal value,0,Units,1,One
DATAFLOW,OECD.SDD.TPS:DSD_ALFS@DF_SUMTAB(1.0),"Annual labour force survey, summary tables",I,ITA,Italy,UNE_LF,Unemployment rate,PT_LF_SUB,Percentage of labour force in the same subgroup,G1,"Growth rate, period on period",_T,Total,Y_GE15,15 years or over,_Z,Not applicable,_Z,Not applicable,A,Annual,2018,,10.60833,,,,A,Normal value,0,Units,1,One
DATAFLOW,OECD.SDD.TPS:DSD_ALFS@DF_SUMTAB(1.0),"Annual labour force survey, summary tables",I,ITA,Italy,UNE_LF,Unemployment rate,PT_LF_SUB,Percentage of labour force in the same subgroup,G1,"Growth rate, period on period",_T,Total,Y_GE15,15 years or over,_Z,Not applicable,_Z,Not applicable,A,Annual,2017,,11.21163,,,,A,Normal value,0,Units,1,One
DATAFLOW,OECD.SDD.TPS:DSD_ALFS@DF_SUMTAB(1.0),"Annual labour force survey, summary tables",I,ITA,Italy,UNE_LF,Unemployment rate,PT_LF_SUB,Percentage of labour force in the same subgroup,G1,"Growth rate, period on period",_T,Total,Y_GE15,15 years or over,_Z,Not applicable,_Z,Not applicable,A,Annual,2016,,11.68822,,,,A,Normal value,0,Units,1,One
DATAFLOW,OECD.SDD.TPS:DSD_ALFS@DF_SUMTAB(1.0),"Annual labour force survey, summary tables",I,ITA,Italy,UNE_LF,Unemployment rate,PT_LF_SUB,Percentage of labour force in the same subgroup,G1,"Growth rate, period on period",_T,Total,Y_GE15,15 years or over,_Z,Not applicable,_Z,Not applicable,A,Annual,2015,,11.89415,,,,A,Normal value,0,Units,1,One
DATAFLOW,OECD.SDD.TPS:DSD_ALFS@DF_SUMTAB(1.0),"Annual labour force survey, summary tables",I,ITA,Italy,UNE_LF,Unemployment rate,PT_LF_SUB,Percentage of labour force in the same subgroup,G1,"Growth rate, period on period",_T,Total,Y_GE15,15 years or over,_Z,Not applicable,_Z,Not applicable,A,Annual,2014,,12.68002,,,,A,Normal value,0,Units,1,One
DATAFLOW,OECD.SDD.TPS:DSD_ALFS@DF_SUMTAB(1.0),"Annual labour force survey, summary tables",I,ITA,Italy,UNE_LF,Unemployment rate,PT_LF_SUB,Percentage of labour force in the same subgroup,G1,"Growth rate, period on period",_T,Total,Y_GE15,15 years or over,_Z,Not applicable,_Z,Not applicable,A,Annual,2013,,12.14527,,,,A,Normal value,0,Units,1,One
DATAFLOW,OECD.SDD.TPS:DSD_ALFS@DF_SUMTAB(1.0),"Annual labour force survey, summary tables",I,ITA,Italy,UNE_LF,Unemployment rate,PT_LF_SUB,Percentage of labour force in the same subgroup,G1,"Growth rate, period on period",_T,Total,Y_GE15,15 years or over,_Z,Not applicable,_Z,Not applicable,A,Annual,2012,,10.65154,,,,A,Normal value,0,Units,1,One
DATAFLOW,OECD.SDD.TPS:DSD_ALFS@DF_SUMTAB(1.0),"Annual labour force survey, summary tables",I,ITA,Italy,UNE_LF,Unemployment rate,PT_LF_SUB,Percentage of labour force in the same subgroup,G1,"Growth rate, period on period",_T,Total,Y_GE15,15 years or over,_Z,Not applicable,_Z,Not applicable,A,Annual,2011,,8.353967,,,,A,Normal value,0,Units,1,One
DATAFLOW,OECD.SDD.TPS:DSD_ALFS@DF_SUMTAB(1.0),"Annual labour force survey, summary tables",I,ITA,Italy,UNE_LF,Unemployment rate,PT_LF_SUB,Percentage of labour force in the same subgroup,G1,"Growth rate, period on period",_T,Total,Y_GE15,15 years or over,_Z,Not applicable,_Z,Not applicable,A,Annual,2010,,8.359426,,,,A,Normal value,0,Units,1,One
DATAFLOW,OECD.SDD.TPS:DSD_ALFS@DF_SUMTAB(1.0),"Annual labour force survey, summary tables",I,ITA,Italy,UNE_LF,Unemployment rate,PT_LF_SUB,Percentage of labour force in the same subgroup,G1,"Growth rate, period on period",_T,Total,Y_GE15,15 years or over,_Z,Not applicable,_Z,Not applicable,A,Annual,2009,,7.747793,,,,A,Normal value,0,Units,1,One
DATAFLOW,OECD.SDD.TPS:DSD_ALFS@DF_SUMTAB(1.0),"Annual labour force survey, summary tables",I,ITA,Italy,UNE_LF,Unemployment rate,PT_LF_SUB,Percentage of labour force in the same subgroup,G1,"Growth rate, period on period",_T,Total,Y_GE15,15 years or over,_Z,Not applicable,_Z,Not applicable,A,Annual,2008,,6.723401,,,,A,Normal value,0,Units,1,One
DATAFLOW,OECD.SDD.TPS:DSD_ALFS@DF_SUMTAB(1.0),"Annual labour force survey, summary tables",I,ITA,Italy,UNE_LF,Unemployment rate,PT_LF_SUB,Percentage of labour force in the same subgroup,G1,"Growth rate, period on period",_T,Total,Y_GE15,15 years or over,_Z,Not applicable,_Z,Not applicable,A,Annual,2007,,6.075395,,,,A,Normal value,0,Units,1,One
DATAFLOW,OECD.SDD.TPS:DSD_ALFS@DF_SUMTAB(1.0),"Annual labour force survey, summary tables",I,ITA,Italy,UNE_LF,Unemployment rate,PT_LF_SUB,Percentage of labour force in the same subgroup,G1,"Growth rate, period on period",_T,Total,Y_GE15,15 years or over,_Z,Not applicable,_Z,Not applicable,A,Annual,2006,,6.775868,,,,A,Normal value,0,Units,1,One
DATAFLOW,OECD.SDD.TPS:DSD_ALFS@DF_SUMTAB(1.0),"Annual labour force survey, summary tables",I,ITA,Italy,UNE_LF,Unemployment rate,PT_LF_SUB,Percentage of labour force in the same subgroup,G1,"Growth rate, period on period",_T,Total,Y_GE15,15 years or over,_Z,Not applicable,_Z,Not applicable,A,Annual,2005,,7.728802,,,,A,Normal value,0,Units,1,One
DATAFLOW,OECD.SDD.TPS:DSD_ALFS@DF_SUMTAB(1.0),"Annual labour force survey, summary tables",I,ITA,Italy,UNE_LF,Unemployment rate,PT_LF_SUB,Percentage of labour force in the same subgroup,G1,"Growth rate, period on period",_T,Total,Y_GE15,15 years or over,_Z,Not applicable,_Z,Not applicable,A,Annual,2002,,9.010362,,,,A,Normal value,0,Units,1,One
DATAFLOW,OECD.SDD.TPS:DSD_ALFS@DF_SUMTAB(1.0),"Annual labour force survey, summary tables",I,CAN,Canada,UNE_LF,Unemployment rate,PT_LF_SUB,Percentage of labour force in the same subgroup,G1,"Growth rate, period on period",_T,Total,Y_GE15,15 years or over,_Z,Not applicable,_Z,Not applicable,A,Annual,2008,,6.291667,,,,A,Normal value,0,Units,1,One
DATAFLOW,OECD.SDD.TPS:DSD_ALFS@DF_SUMTAB(1.0),"Annual labour force survey, summary tables",I,CAN,Canada,UNE_LF,Unemployment rate,PT_LF_SUB,Percentage of labour force in the same subgroup,G1,"Growth rate, period on period",_T,Total,Y_GE15,15 years or over,_Z,Not applicable,_Z,Not applicable,A,Annual,2012,,7.416667,,,,A,Normal value,0,Units,1,One
DATAFLOW,OECD.SDD.TPS:DSD_ALFS@DF_SUMTAB(1.0),"Annual labour force survey, summary tables",I,FRA,France,UNE_LF,Unemployment rate,PT_LF_SUB,Percentage of labour force in the same subgroup,G1,"Growth rate, period on period",_T,Total,Y_GE15,15 years or over,_Z,Not applicable,_Z,Not applicable,A,Annual,2002,,7.717939,,,,A,Normal value,0,Units,1,One
DATAFLOW,OECD.SDD.TPS:DSD_ALFS@DF_SUMTAB(1.0),"Annual labour force survey, summary tables",I,DEU,Germany,UNE_LF,Unemployment rate,PT_LF_SUB,Percentage of labour force in the same subgroup,G1,"Growth rate, period on period",_T,Total,Y_GE15,15 years or over,_Z,Not applicable,_Z,Not applicable,A,Annual,2011,,5.827624,,,,A,Normal value,0,Units,1,One
DATAFLOW,OECD.SDD.TPS:DSD_ALFS@DF_SUMTAB(1.0),"Annual labour force survey, summary tables",I,HRV,Croatia,UNE_LF,Unemployment rate,PT_LF_SUB,Percentage of labour force in the same subgroup,G1,"Growth rate, period on period",_T,Total,Y_GE15,15 years or over,_Z,Not applicable,_Z,Not applicable,A,Annual,2024,,5.03307,,,,A,Normal value,0,Units,1,One
DATAFLOW,OECD.SDD.TPS:DSD_ALFS@DF_SUMTAB(1.0),"Annual labour force survey, summary tables",I,JPN,Japan,UNE_LF,Unemployment rate,PT_LF_SUB,Percentage of labour force in the same subgroup,G1,"Growth rate, period on period",_T,Total,Y_GE15,15 years or over,_Z,Not applicable,_Z,Not applicable,A,Annual,2024,,2.55,,,,A,Normal value,0,Units,1,One
DATAFLOW,OECD.SDD.TPS:DSD_ALFS@DF_SUMTAB(1.0),"Annual labour force survey, summary tables",I,JPN,Japan,UNE_LF,Unemployment rate,PT_LF_SUB,Percentage of labour force in the same subgroup,G1,"Growth rate, period on period",_T,Total,Y_GE15,15 years or over,_Z,Not applicable,_Z,Not applicable,A,Annual,2023,,2.566667,,,,A,Normal value,0,Units,1,One
DATAFLOW,OECD.SDD.TPS:DSD_ALFS@DF_SUMTAB(1.0),"Annual labour force survey, summary tables",I,JPN,Japan,UNE_LF,Unemployment rate,PT_LF_SUB,Percentage of labour force in the same subgroup,G1,"Growth rate, period on period",_T,Total,Y_GE15,15 years or over,_Z,Not applicable,_Z,Not applicable,A,Annual,2022,,2.6,,,,A,Normal value,0,Units,1,One
DATAFLOW,OECD.SDD.TPS:DSD_ALFS@DF_SUMTAB(1.0),"Annual labour force survey, summary tables",I,JPN,Japan,UNE_LF,Unemployment rate,PT_LF_SUB,Percentage of labour force in the same subgroup,G1,"Growth rate, period on period",_T,Total,Y_GE15,15 years or over,_Z,Not applicable,_Z,Not applicable,A,Annual,2021,,2.816667,,,,A,Normal value,0,Units,1,One
DATAFLOW,OECD.SDD.TPS:DSD_ALFS@DF_SUMTAB(1.0),"Annual labour force survey, summary tables",I,JPN,Japan,UNE_LF,Unemployment rate,PT_LF_SUB,Percentage of labour force in the same subgroup,G1,"Growth rate, period on period",_T,Total,Y_GE15,15 years or over,_Z,Not applicable,_Z,Not applicable,A,Annual,2020,,2.775,,,,A,Normal value,0,Units,1,One
DATAFLOW,OECD.SDD.TPS:DSD_ALFS@DF_SUMTAB(1.0),"Annual labour force survey, summary tables",I,JPN,Japan,UNE_LF,Unemployment rate,PT_LF_SUB,Percentage of labour force in the same subgroup,G1,"Growth rate, period on period",_T,Total,Y_GE15,15 years or over,_Z,Not applicable,_Z,Not applicable,A,Annual,2019,,2.35,,,,A,Normal value,0,Units,1,One
DATAFLOW,OECD.SDD.TPS:DSD_ALFS@DF_SUMTAB(1.0),"Annual labour force survey, summary tables",I,JPN,Japan,UNE_LF,Unemployment rate,PT_LF_SUB,Percentage of labour force in the same subgroup,G1,"Growth rate, period on period",_T,Total,Y_GE15,15 years or over,_Z,Not applicable,_Z,Not applicable,A,Annual,2018,,2.441667,,,,A,Normal value,0,Units,1,One
DATAFLOW,OECD.SDD.TPS:DSD_ALFS@DF_SUMTAB(1.0),"Annual labour force survey, summary tables",I,JPN,Japan,UNE_LF,Unemployment rate,PT_LF_SUB,Percentage of labour force in the same subgroup,G1,"Growth rate, period on period",_T,Total,Y_GE15,15 years or over,_Z,Not applicable,_Z,Not applicable,A,Annual,2017,,2.808333,,,,A,Normal value,0,Units,1,One
DATAFLOW,OECD.SDD.TPS:DSD_ALFS@DF_SUMTAB(1.0),"Annual labour force survey, summary tables",I,HRV,Croatia,UNE_LF,Unemployment rate,PT_LF_SUB,Percentage of labour force in the same subgroup,G1,"Growth rate, period on period",_T,Total,Y_GE15,15 years or over,_Z,Not applicable,_Z,Not applicable,A,Annual,2005,,12.59689,,,,A,Normal value,0,Units,1,One
DATAFLOW,OECD.SDD.TPS:DSD_ALFS@DF_SUMTAB(1.0),"Annual labour force survey, summary tables",I,HRV,Croatia,UNE_LF,Unemployment rate,PT_LF_SUB,Percentage of labour force in the same subgroup,G1,"Growth rate, period on period",_T,Total,Y_GE15,15 years or over,_Z,Not applicable,_Z,Not applicable,A,Annual,2004,,13.6439,,,,A,Normal value,0,Units,1,One
DATAFLOW,OECD.SDD.TPS:DSD_ALFS@DF_SUMTAB(1.0),"Annual labour force survey, summary tables",I,HRV,Croatia,UNE_LF,Unemployment rate,PT_LF_SUB,Percentage of labour force in the same subgroup,G1,"Growth rate, period on period",_T,Total,Y_GE15,15 years or over,_Z,Not applicable,_Z,Not applicable,A,Annual,2025,,4.851872,,,,A,Normal value,0,Units,1,One
DATAFLOW,OECD.SDD.TPS:DSD_ALFS@DF_SUMTAB(1.0),"Annual labour force survey, summary tables",I,HRV,Croatia,UNE_LF,Unemployment rate,PT_LF_SUB,Percentage of labour force in the same subgroup,G1,"Growth rate, period on period",_T,Total,Y_GE15,15 years or over,_Z,Not applicable,_Z,Not applicable,A,Annual,2019,,6.549396,,,,A,Normal value,0,Units,1,One
DATAFLOW,OECD.SDD.TPS:DSD_ALFS@DF_SUMTAB(1.0),"Annual labour force survey, summary tables",I,HRV,Croatia,UNE_LF,Unemployment rate,PT_LF_SUB,Percentage of labour force in the same subgroup,G1,"Growth rate, period on period",_T,Total,Y_GE15,15 years or over,_Z,Not applicable,_Z,Not applicable,A,Annual,2018,,8.322054,,,,A,Normal value,0,Units,1,One
DATAFLOW,OECD.SDD.TPS:DSD_ALFS@DF_SUMTAB(1.0),"Annual labour force survey, summary tables",I,HRV,Croatia,UNE_LF,Unemployment rate,PT_LF_SUB,Percentage of labour force in the same subgroup,G1,"Growth rate, period on period",_T,Total,Y_GE15,15 years or over,_Z,Not applicable,_Z,Not applicable,A,Annual,2017,,11.07775,,,,A,Normal value,0,Units,1,One
DATAFLOW,OECD.SDD.TPS:DSD_ALFS@DF_SUMTAB(1.0),"Annual labour force survey, summary tables",I,HRV,Croatia,UNE_LF,Unemployment rate,PT_LF_SUB,Percentage of labour force in the same subgroup,G1,"Growth rate, period on period",_T,Total,Y_GE15,15 years or over,_Z,Not applicable,_Z,Not applicable,A,Annual,2016,,13.01364,,,,A,Normal value,0,Units,1,One
DATAFLOW,OECD.SDD.TPS:DSD_ALFS@DF_SUMTAB(1.0),"Annual labour force survey, summary tables",I,HRV,Croatia,UNE_LF,Unemployment rate,PT_LF_SUB,Percentage of labour force in the same subgroup,G1,"Growth rate, period on period",_T,Total,Y_GE15,15 years or over,_Z,Not applicable,_Z,Not applicable,A,Annual,2015,,16.14877,,,,A,Normal value,0,Units,1,One
DATAFLOW,OECD.SDD.TPS:DSD_ALFS@DF_SUMTAB(1.0),"Annual labour force survey, summary tables",I,HRV,Croatia,UNE_LF,Unemployment rate,PT_LF_SUB,Percentage of labour force in the same subgroup,G1,"Growth rate, period on period",_T,Total,Y_GE15,15 years or over,_Z,Not applicable,_Z,Not applicable,A,Annual,2014,,17.20976,,,,A,Normal value,0,Units,1,One
DATAFLOW,OECD.SDD.TPS:DSD_ALFS@DF_SUMTAB(1.0),"Annual labour force survey, summary tables",I,SWE,Sweden,UNE_LF,Unemployment rate,PT_LF_SUB,Percentage of labour force in the same subgroup,G1,"Growth rate, period on period",_T,Total,Y_GE15,15 years or over,_Z,Not applicable,_Z,Not applicable,A,Annual,2024,,8.302575,,,,A,Normal value,0,Units,1,One
DATAFLOW,OECD.SDD.TPS:DSD_ALFS@DF_SUMTAB(1.0),"Annual labour force survey, summary tables",I,SWE,Sweden,UNE_LF,Unemployment rate,PT_LF_SUB,Percentage of labour force in the same subgroup,G1,"Growth rate, period on period",_T,Total,Y_GE15,15 years or over,_Z,Not applicable,_Z,Not applicable,A,Annual,2023,,7.609556,,,,A,Normal value,0,Units,1,One
DATAFLOW,OECD.SDD.TPS:DSD_ALFS@DF_SUMTAB(1.0),"Annual labour force survey, summary tables",I,SWE,Sweden,UNE_LF,Unemployment rate,PT_LF_SUB,Percentage of labour force in the same subgroup,G1,"Growth rate, period on period",_T,Total,Y_GE15,15 years or over,_Z,Not applicable,_Z,Not applicable,A,Annual,2022,,7.41608,,,,A,Normal value,0,Units,1,One
DATAFLOW,OECD.SDD.TPS:DSD_ALFS@DF_SUMTAB(1.0),"Annual labour force survey, summary tables",I,SWE,Sweden,UNE_LF,Unemployment rate,PT_LF_SUB,Percentage of labour force in the same subgroup,G1,"Growth rate, period on period",_T,Total,Y_GE15,15 years or over,_Z,Not applicable,_Z,Not applicable,A,Annual,2021,,8.800064,,,,A,Normal value,0,Units,1,One
DATAFLOW,OECD.SDD.TPS:DSD_ALFS@DF_SUMTAB(1.0),"Annual labour force survey, summary tables",I,SWE,Sweden,UNE_LF,Unemployment rate,PT_LF_SUB,Percentage of labour force in the same subgroup,G1,"Growth rate, period on period",_T,Total,Y_GE15,15 years or over,_Z,Not applicable,_Z,Not applicable,A,Annual,2020,,8.286691,,,,A,Normal value,0,Units,1,One
DATAFLOW,OECD.SDD.TPS:DSD_ALFS@DF_SUMTAB(1.0),"Annual labour force survey, summary tables",I,SWE,Sweden,UNE_LF,Unemployment rate,PT_LF_SUB,Percentage of labour force in the same subgroup,G1,"Growth rate, period on period",_T,Total,Y_GE15,15 years or over,_Z,Not applicable,_Z,Not applicable,A,Annual,2018,,6.364352,,,,A,Normal value,0,Units,1,One
DATAFLOW,OECD.SDD.TPS:DSD_ALFS@DF_SUMTAB(1.0),"Annual labour force survey, summary tables",I,SWE,Sweden,UNE_LF,Unemployment rate,PT_LF_SUB,Percentage of labour force in the same subgroup,G1,"Growth rate, period on period",_T,Total,Y_GE15,15 years or over,_Z,Not applicable,_Z,Not applicable,A,Annual,2005,,7.475815,,,,A,Normal value,0,Units,1,One
DATAFLOW,OECD.SDD.TPS:DSD_ALFS@DF_SUMTAB(1.0),"Annual labour force survey, summary tables",I,SWE,Sweden,UNE_LF,Unemployment rate,PT_LF_SUB,Percentage of labour force in the same subgroup,G1,"Growth rate, period on period",_T,Total,Y_GE15,15 years or over,_Z,Not applicable,_Z,Not applicable,A,Annual,2004,,6.525636,,,,A,Normal value,0,Units,1,One
DATAFLOW,OECD.SDD.TPS:DSD_ALFS@DF_SUMTAB(1.0),"Annual labour force survey, summary tables",I,SWE,Sweden,UNE_LF,Unemployment rate,PT_LF_SUB,Percentage of labour force in the same subgroup,G1,"Growth rate, period on period",_T,Total,Y_GE15,15 years or over,_Z,Not applicable,_Z,Not applicable,A,Annual,2019,,6.833239,,,,A,Normal value,0,Units,1,One
DATAFLOW,OECD.SDD.TPS:DSD_ALFS@DF_SUMTAB(1.0),"Annual labour force survey, summary tables",I,SWE,Sweden,UNE_LF,Unemployment rate,PT_LF_SUB,Percentage of labour force in the same subgroup,G1,"Growth rate, period on period",_T,Total,Y_GE15,15 years or over,_Z,Not applicable,_Z,Not applicable,A,Annual,2017,,6.718704,,,,A,Normal value,0,Units,1,One
DATAFLOW,OECD.SDD.TPS:DSD_ALFS@DF_SUMTAB(1.0),"Annual labour force survey, summary tables",I,SWE,Sweden,UNE_LF,Unemployment rate,PT_LF_SUB,Percentage of labour force in the same subgroup,G1,"Growth rate, period on period",_T,Total,Y_GE15,15 years or over,_Z,Not applicable,_Z,Not applicable,A,Annual,2016,,6.991096,,,,A,Normal value,0,Units,1,One
DATAFLOW,OECD.SDD.TPS:DSD_ALFS@DF_SUMTAB(1.0),"Annual labour force survey, summary tables",I,SWE,Sweden,UNE_LF,Unemployment rate,PT_LF_SUB,Percentage of labour force in the same subgroup,G1,"Growth rate, period on period",_T,Total,Y_GE15,15 years or over,_Z,Not applicable,_Z,Not applicable,A,Annual,2015,,7.432082,,,,A,Normal value,0,Units,1,One
DATAFLOW,OECD.SDD.TPS:DSD_ALFS@DF_SUMTAB(1.0),"Annual labour force survey, summary tables",I,SWE,Sweden,UNE_LF,Unemployment rate,PT_LF_SUB,Percentage of labour force in the same subgroup,G1,"Growth rate, period on period",_T,Total,Y_GE15,15 years or over,_Z,Not applicable,_Z,Not applicable,A,Annual,2014,,7.955972,,,,A,Normal value,0,Units,1,One
DATAFLOW,OECD.SDD.TPS:DSD_ALFS@DF_SUMTAB(1.0),"Annual labour force survey, summary tables",I,SWE,Sweden,UNE_LF,Unemployment rate,PT_LF_SUB,Percentage of labour force in the same subgroup,G1,"Growth rate, period on period",_T,Total,Y_GE15,15 years or over,_Z,Not applicable,_Z,Not applicable,A,Annual,2013,,8.052903,,,,A,Normal value,0,Units,1,One
DATAFLOW,OECD.SDD.TPS:DSD_ALFS@DF_SUMTAB(1.0),"Annual labour force survey, summary tables",I,SWE,Sweden,UNE_LF,Unemployment rate,PT_LF_SUB,Percentage of labour force in the same subgroup,G1,"Growth rate, period on period",_T,Total,Y_GE15,15 years or over,_Z,Not applicable,_Z,Not applicable,A,Annual,2012,,7.975423,,,,A,Normal value,0,Units,1,One
DATAFLOW,OECD.SDD.TPS:DSD_ALFS@DF_SUMTAB(1.0),"Annual labour force survey, summary tables",I,SWE,Sweden,UNE_LF,Unemployment rate,PT_LF_SUB,Percentage of labour force in the same subgroup,G1,"Growth rate, period on period",_T,Total,Y_GE15,15 years or over,_Z,Not applicable,_Z,Not applicable,A,Annual,2011,,7.80387,,,,A,Normal value,0,Units,1,One
DATAFLOW,OECD.SDD.TPS:DSD_ALFS@DF_SUMTAB(1.0),"Annual labour force survey, summary tables",I,SWE,Sweden,UNE_LF,Unemployment rate,PT_LF_SUB,Percentage of labour force in the same subgroup,G1,"Growth rate, period on period",_T,Total,Y_GE15,15 years or over,_Z,Not applicable,_Z,Not applicable,A,Annual,2010,,8.610753,,,,A,Normal value,0,Units,1,One
DATAFLOW,OECD.SDD.TPS:DSD_ALFS@DF_SUMTAB(1.0),"Annual labour force survey, summary tables",I,SWE,Sweden,UNE_LF,Unemployment rate,PT_LF_SUB,Percentage of labour force in the same subgroup,G1,"Growth rate, period on period",_T,Total,Y_GE15,15 years or over,_Z,Not applicable,_Z,Not applicable,A,Annual,2009,,8.346865,,,,A,Normal value,0,Units,1,One
DATAFLOW,OECD.SDD.TPS:DSD_ALFS@DF_SUMTAB(1.0),"Annual labour force survey, summary tables",I,GBR,United Kingdom,UNE_LF,Unemployment rate,PT_LF_SUB,Percentage of labour force in the same subgroup,G1,"Growth rate, period on period",_T,Total,Y_GE15,15 years or over,_Z,Not applicable,_Z,Not applicable,A,Annual,2001,,5.097142,,,,A,Normal value,0,Units,1,One
DATAFLOW,OECD.SDD.TPS:DSD_ALFS@DF_SUMTAB(1.0),"Annual labour force survey, summary tables",I,GBR,United Kingdom,UNE_LF,Unemployment rate,PT_LF_SUB,Percentage of labour force in the same subgroup,G1,"Growth rate, period on period",_T,Total,Y_GE15,15 years or over,_Z,Not applicable,_Z,Not applicable,A,Annual,2025,,4.846496,,,,A,Normal value,0,Units,1,One
DATAFLOW,OECD.SDD.TPS:DSD_ALFS@DF_SUMTAB(1.0),"Annual labour force survey, summary tables",I,GBR,United Kingdom,UNE_LF,Unemployment rate,PT_LF_SUB,Percentage of labour force in the same subgroup,G1,"Growth rate, period on period",_T,Total,Y_GE15,15 years or over,_Z,Not applicable,_Z,Not applicable,A,Annual,2024,,4.294522,,,,A,Normal value,0,Units,1,One
DATAFLOW,OECD.SDD.TPS:DSD_ALFS@DF_SUMTAB(1.0),"Annual labour force survey, summary tables",I,ITA,Italy,UNE_LF,Unemployment rate,PT_LF_SUB,Percentage of labour force in the same subgroup,G1,"Growth rate, period on period",_T,Total,Y_GE15,15 years or over,_Z,Not applicable,_Z,Not applicable,A,Annual,2004,,7.99877,,,,B,Time series break,0,Units,1,One
DATAFLOW,OECD.SDD.TPS:DSD_ALFS@DF_SUMTAB(1.0),"Annual labour force survey, summary tables",I,ITA,Italy,UNE_LF,Unemployment rate,PT_LF_SUB,Percentage of labour force in the same subgroup,G1,"Growth rate, period on period",_T,Total,Y_GE15,15 years or over,_Z,Not applicable,_Z,Not applicable,A,Annual,2020,,9.152051,,,,B,Time series break,0,Units,1,One
DATAFLOW,OECD.SDD.TPS:DSD_ALFS@DF_SUMTAB(1.0),"Annual labour force survey, summary tables",I,ITA,Italy,UNE_LF,Unemployment rate,PT_LF_SUB,Percentage of labour force in the same subgroup,G1,"Growth rate, period on period",_T,Total,Y_GE15,15 years or over,_Z,Not applicable,_Z,Not applicable,A,Annual,2003,,8.674754,,,,B,Time series break,0,Units,1,One
DATAFLOW,OECD.SDD.TPS:DSD_ALFS@DF_SUMTAB(1.0),"Annual labour force survey, summary tables",I,DNK,Denmark,UNE_LF,Unemployment rate,PT_LF_SUB,Percentage of labour force in the same subgroup,G1,"Growth rate, period on period",_T,Total,Y_GE15,15 years or over,_Z,Not applicable,_Z,Not applicable,A,Annual,2004,,5.507644,,,,B,Time series break,0,Units,1,One
DATAFLOW,OECD.SDD.TPS:DSD_ALFS@DF_SUMTAB(1.0),"Annual labour force survey, summary tables",I,DNK,Denmark,UNE_LF,Unemployment rate,PT_LF_SUB,Percentage of labour force in the same subgroup,G1,"Growth rate, period on period",_T,Total,Y_GE15,15 years or over,_Z,Not applicable,_Z,Not applicable,A,Annual,2016,,5.988536,,,,B,Time series break,0,Units,1,One
DATAFLOW,OECD.SDD.TPS:DSD_ALFS@DF_SUMTAB(1.0),"Annual labour force survey, summary tables",I,DNK,Denmark,UNE_LF,Unemployment rate,PT_LF_SUB,Percentage of labour force in the same subgroup,G1,"Growth rate, period on period",_T,Total,Y_GE15,15 years or over,_Z,Not applicable,_Z,Not applicable,A,Annual,2015,,6.278275,,,,B,Time series break,0,Units,1,One
DATAFLOW,OECD.SDD.TPS:DSD_ALFS@DF_SUMTAB(1.0),"Annual labour force survey, summary tables",I,DNK,Denmark,UNE_LF,Unemployment rate,PT_LF_SUB,Percentage of labour force in the same subgroup,G1,"Growth rate, period on period",_T,Total,Y_GE15,15 years or over,_Z,Not applicable,_Z,Not applicable,A,Annual,2007,,3.79897,,,,B,Time series break,0,Units,1,One
DATAFLOW,OECD.SDD.TPS:DSD_ALFS@DF_SUMTAB(1.0),"Annual labour force survey, summary tables",I,NLD,Netherlands,UNE_LF,Unemployment rate,PT_LF_SUB,Percentage of labour force in the same subgroup,G1,"Growth rate, period on period",_T,Total,Y_GE15,15 years or over,_Z,Not applicable,_Z,Not applicable,A,Annual,2004,,4.558139,,,,B,Time series break,0,Units,1,One
DATAFLOW,OECD.SDD.TPS:DSD_ALFS@DF_SUMTAB(1.0),"Annual labour force survey, summary tables",I,NLD,Netherlands,UNE_LF,Unemployment rate,PT_LF_SUB,Percentage of labour force in the same subgroup,G1,"Growth rate, period on period",_T,Total,Y_GE15,15 years or over,_Z,Not applicable,_Z,Not applicable,A,Annual,2020,,3.818697,,,,B,Time series break,0,Units,1,One
DATAFLOW,OECD.SDD.TPS:DSD_ALFS@DF_SUMTAB(1.0),"Annual labour force survey, summary tables",I,FRA,France,UNE_LF,Unemployment rate,PT_LF_SUB,Percentage of labour force in the same subgroup,G1,"Growth rate, period on period",_T,Total,Y_GE15,15 years or over,_Z,Not applicable,_Z,Not applicable,A,Annual,2004,,8.468398,,,,B,Time series break,0,Units,1,One
DATAFLOW,OECD.SDD.TPS:DSD_ALFS@DF_SUMTAB(1.0),"Annual labour force survey, summary tables",I,FRA,France,UNE_LF,Unemployment rate,PT_LF_SUB,Percentage of labour force in the same subgroup,G1,"Growth rate, period on period",_T,Total,Y_GE15,15 years or over,_Z,Not applicable,_Z,Not applicable,A,Annual,2020,,7.999683,,,,B,Time series break,0,Units,1,One
DATAFLOW,OECD.SDD.TPS:DSD_ALFS@DF_SUMTAB(1.0),"Annual labour force survey, summary tables",I,FRA,France,UNE_LF,Unemployment rate,PT_LF_SUB,Percentage of labour force in the same subgroup,G1,"Growth rate, period on period",_T,Total,Y_GE15,15 years or over,_Z,Not applicable,_Z,Not applicable,A,Annual,2013,,9.921325,,,,B,Time series break,0,Units,1,One
DATAFLOW,OECD.SDD.TPS:DSD_ALFS@DF_SUMTAB(1.0),"Annual labour force survey, summary tables",I,DEU,Germany,UNE_LF,Unemployment rate,PT_LF_SUB,Percentage of labour force in the same subgroup,G1,"Growth rate, period on period",_T,Total,Y_GE15,15 years or over,_Z,Not applicable,_Z,Not applicable,A,Annual,2004,,9.793687,,,,B,Time series break,0,Units,1,One
DATAFLOW,OECD.SDD.TPS:DSD_ALFS@DF_SUMTAB(1.0),"Annual labour force survey, summary tables",I,DEU,Germany,UNE_LF,Unemployment rate,PT_LF_SUB,Percentage of labour force in the same subgroup,G1,"Growth rate, period on period",_T,Total,Y_GE15,15 years or over,_Z,Not applicable,_Z,Not applicable,A,Annual,2019,,3.136789,,,,B,Time series break,0,Units,1,One
DATAFLOW,OECD.SDD.TPS:DSD_ALFS@DF_SUMTAB(1.0),"Annual labour force survey, summary tables",I,DEU,Germany,UNE_LF,Unemployment rate,PT_LF_SUB,Percentage of labour force in the same subgroup,G1,"Growth rate, period on period",_T,Total,Y_GE15,15 years or over,_Z,Not applicable,_Z,Not applicable,A,Annual,2010,,6.967823,,,,B,Time series break,0,Units,1,One
DATAFLOW,OECD.SDD.TPS:DSD_ALFS@DF_SUMTAB(1.0),"Annual labour force survey, summary tables",I,GBR,United Kingdom,UNE_LF,Unemployment rate,PT_LF_SUB,Percentage of labour force in the same subgroup,G1,"Growth rate, period on period",_T,Total,Y_GE15,15 years or over,_Z,Not applicable,_Z,Not applicable,A,Annual,2023,,4.045999,,,,A,Normal value,0,Units,1,One
DATAFLOW,OECD.SDD.TPS:DSD_ALFS@DF_SUMTAB(1.0),"Annual labour force survey, summary tables",I,DEU,Germany,UNE_LF,Unemployment rate,PT_LF_SUB,Percentage of labour force in the same subgroup,G1,"Growth rate, period on period",_T,Total,Y_GE15,15 years or over,_Z,Not applicable,_Z,Not applicable,A,Annual,2009,,7.743235,,,,B,Time series break,0,Units,1,One
DATAFLOW,OECD.SDD.TPS:DSD_ALFS@DF_SUMTAB(1.0),"Annual labour force survey, summary tables",I,DEU,Germany,UNE_LF,Unemployment rate,PT_LF_SUB,Percentage of labour force in the same subgroup,G1,"Growth rate, period on period",_T,Total,Y_GE15,15 years or over,_Z,Not applicable,_Z,Not applicable,A,Annual,2020,,3.809084,,,,E,Estimated value,0,Units,1,One
DATAFLOW,OECD.SDD.TPS:DSD_ALFS@DF_SUMTAB(1.0),"Annual labour force survey, summary tables",I,JPN,Japan,UNE_LF,Unemployment rate,PT_LF_SUB,Percentage of labour force in the same subgroup,G1,"Growth rate, period on period",_T,Total,Y_GE15,15 years or over,_Z,Not applicable,_Z,Not applicable,A,Annual,2015,,3.375,,,,A,Normal value,0,Units,1,One
DATAFLOW,OECD.SDD.TPS:DSD_ALFS@DF_SUMTAB(1.0),"Annual labour force survey, summary tables",I,JPN,Japan,UNE_LF,Unemployment rate,PT_LF_SUB,Percentage of labour force in the same subgroup,G1,"Growth rate, period on period",_T,Total,Y_GE15,15 years or over,_Z,Not applicable,_Z,Not applicable,A,Annual,2014,,3.591667,,,,A,Normal value,0,Units,1,One
DATAFLOW,OECD.SDD.TPS:DSD_ALFS@DF_SUMTAB(1.0),"Annual labour force survey, summary tables",I,JPN,Japan,UNE_LF,Unemployment rate,PT_LF_SUB,Percentage of labour force in the same subgroup,G1,"Growth rate, period on period",_T,Total,Y_GE15,15 years or over,_Z,Not applicable,_Z,Not applicable,A,Annual,2013,,4.025,,,,A,Normal value,0,Units,1,One
DATAFLOW,OECD.SDD.TPS:DSD_ALFS@DF_SUMTAB(1.0),"Annual labour force survey, summary tables",I,JPN,Japan,UNE_LF,Unemployment rate,PT_LF_SUB,Percentage of labour force in the same subgroup,G1,"Growth rate, period on period",_T,Total,Y_GE15,15 years or over,_Z,Not applicable,_Z,Not applicable,A,Annual,2012,,4.35,,,,A,Normal value,0,Units,1,One
DATAFLOW,OECD.SDD.TPS:DSD_ALFS@DF_SUMTAB(1.0),"Annual labour force survey, summary tables",I,CAN,Canada,UNE_LF,Unemployment rate,PT_LF_SUB,Percentage of labour force in the same subgroup,G1,"Growth rate, period on period",_T,Total,Y_GE15,15 years or over,_Z,Not applicable,_Z,Not applicable,A,Annual,2011,,7.641667,,,,A,Normal value,0,Units,1,One
DATAFLOW,OECD.SDD.TPS:DSD_ALFS@DF_SUMTAB(1.0),"Annual labour force survey, summary tables",I,CAN,Canada,UNE_LF,Unemployment rate,PT_LF_SUB,Percentage of labour force in the same subgroup,G1,"Growth rate, period on period",_T,Total,Y_GE15,15 years or over,_Z,Not applicable,_Z,Not applicable,A,Annual,2020,,9.691667,,,,A,Normal value,0,Units,1,One
DATAFLOW,OECD.SDD.TPS:DSD_ALFS@DF_SUMTAB(1.0),"Annual labour force survey, summary tables",I,CAN,Canada,UNE_LF,Unemployment rate,PT_LF_SUB,Percentage of labour force in the same subgroup,G1,"Growth rate, period on period",_T,Total,Y_GE15,15 years or over,_Z,Not applicable,_Z,Not applicable,A,Annual,2018,,5.841667,,,,A,Normal value,0,Units,1,One
DATAFLOW,OECD.SDD.TPS:DSD_ALFS@DF_SUMTAB(1.0),"Annual labour force survey, summary tables",I,GBR,United Kingdom,UNE_LF,Unemployment rate,PT_LF_SUB,Percentage of labour force in the same subgroup,G1,"Growth rate, period on period",_T,Total,Y_GE15,15 years or over,_Z,Not applicable,_Z,Not applicable,A,Annual,2020,,4.608604,,,,A,Normal value,0,Units,1,One
